estimate_id,customer_id,service_id,estimate_date,quoted_revenue,quoted_labor_hours,quoted_material_cost,estimate_status,won_date
50001,1,3,2026-04-16,535.69,6.59,145.03,Lost,
50002,2,10,2026-08-15,2428.71,27.79,711.31,Won,2026-08-21
50003,2,5,2025-02-10,342.83,4.76,35.11,Won,2025-02-13
50004,2,8,2025-03-14,285.13,3.02,37.05,Won,2025-03-21
50005,2,8,2025-03-24,391.38,4.19,44.26,Expired,
50006,3,3,2026-03-13,1019.44,13.16,299.64,Expired,
50007,3,6,2026-08-08,5137.9,51.27,2026.81,Won,2026-08-12
50008,3,10,2026-04-06,2512.16,25.56,773.64,Lost,
50009,3,4,2026-08-09,488.6,5.76,102.3,Lost,
50010,3,7,2025-06-03,8617.77,74.0,3303.64,Lost,
50011,4,3,2026-06-29,406.66,5.19,137.37,Lost,
50012,4,4,2025-11-11,527.71,5.48,123.05,Expired,
50013,4,4,2025-10-28,509.31,6.36,107.0,Expired,
50014,4,6,2025-09-23,5058.86,43.99,2000.81,Lost,
50015,5,5,2025-10-20,380.16,4.27,36.0,Won,2025-10-21
50016,5,5,2025-11-01,350.55,4.23,25.79,Lost,
50017,5,3,2025-02-01,683.52,9.87,172.0,Lost,
50018,5,10,2025-05-12,3549.29,42.37,1508.6,Won,2025-05-14
50019,5,6,2025-03-06,4396.31,39.96,1632.96,Expired,
50020,5,7,2025-07-15,6497.53,63.74,1710.21,Won,2025-07-20
50021,6,4,2025-08-09,466.58,5.74,93.62,Won,2025-08-13
50022,6,3,2025-09-13,450.02,6.45,118.69,Won,2025-09-18
50023,7,3,2026-05-28,442.27,5.61,132.04,Lost,
50024,7,10,2026-07-05,2446.87,27.12,825.08,Expired,
50025,7,3,2026-03-07,408.97,5.22,125.82,Expired,
50026,8,7,2025-05-22,6015.75,53.96,2231.63,Won,2025-05-29
50027,8,5,2025-01-07,256.42,2.83,25.14,Won,2025-01-10
50028,10,8,2025-05-13,471.41,4.65,67.2,Won,2025-05-14
50029,10,8,2026-04-06,515.62,5.62,74.69,Won,2026-04-12
50030,11,10,2026-08-05,2034.22,17.7,684.51,Won,2026-08-08
50031,12,4,2025-10-02,323.61,4.07,82.22,Lost,
50032,13,6,2026-03-31,2343.82,21.56,995.61,Lost,
50033,13,6,2025-10-09,2117.13,21.96,800.63,Won,2025-10-16
50034,13,6,2025-08-04,3147.15,31.68,1057.89,Won,2025-08-10
50035,13,3,2026-01-27,436.87,5.78,124.79,Lost,
50036,13,3,2026-02-20,493.57,6.38,132.96,Won,2026-02-26
50037,14,10,2026-04-26,3496.17,43.09,1088.23,Won,2026-05-03
50038,14,7,2025-10-25,7662.19,64.01,2797.7,Won,2025-10-29
50039,14,10,2026-08-24,2830.97,29.85,956.21,Lost,
50040,14,4,2025-09-03,490.45,6.22,122.42,Won,2025-09-04
50041,14,8,2025-08-02,1031.32,11.74,122.14,Won,2025-08-06
50042,15,3,2025-10-18,618.24,8.27,182.18,Won,2025-10-20
50043,15,6,2025-04-03,3473.31,33.46,1195.14,Won,2025-04-04
50044,15,3,2025-10-20,707.94,10.24,211.87,Lost,
50045,15,8,2025-04-15,510.17,6.24,71.95,Won,2025-04-17
50046,15,3,2026-08-07,532.48,7.16,125.35,Won,2026-08-10
50047,15,4,2025-08-04,355.99,4.27,71.98,Won,2025-08-08
50048,16,10,2025-09-29,2162.14,23.13,729.68,Won,2025-10-01
50049,16,7,2026-07-22,4414.46,41.28,1402.1,Won,2026-07-25
50050,16,3,2025-05-26,520.58,6.07,136.66,Lost,
50051,16,8,2026-04-01,375.55,4.56,41.22,Won,2026-04-03
50052,17,3,2026-03-15,795.58,9.05,201.82,Expired,
50053,17,5,2025-09-08,379.34,4.71,38.91,Won,2025-09-10
50054,18,4,2025-02-02,316.77,3.56,70.66,Won,2025-02-07
50055,18,8,2026-06-16,369.18,3.72,48.15,Won,2026-06-21
50056,18,3,2025-07-27,605.9,8.01,176.72,Expired,
50057,18,10,2026-01-15,1700.99,17.65,564.3,Expired,
50058,18,4,2026-03-24,339.82,4.1,63.71,Won,2026-03-31
50059,19,10,2025-07-03,1905.12,20.22,512.3,Lost,
50060,19,4,2025-10-24,328.77,4.18,76.5,Won,2025-10-25
50061,19,3,2026-05-26,529.49,7.46,143.24,Won,2026-05-27
50062,19,8,2025-02-02,510.09,5.97,72.05,Lost,
50063,19,6,2025-08-09,3545.55,34.73,1222.49,Won,2025-08-10
50064,19,7,2026-06-07,6804.42,65.86,2874.16,Lost,
50065,20,6,2025-10-05,3556.46,36.69,938.97,Won,2025-10-07
50066,20,9,2026-07-03,215.14,2.17,59.75,Won,2026-07-05
50067,20,9,2025-10-28,256.34,1.92,57.41,Lost,
50068,20,3,2026-05-07,699.08,9.17,205.14,Won,2026-05-09
50069,20,4,2026-04-30,275.43,3.23,63.11,Expired,
50070,21,4,2025-10-29,608.98,6.39,108.03,Won,2025-11-01
50071,21,8,2025-05-09,681.96,7.53,83.97,Expired,
50072,21,10,2025-05-19,4622.1,49.47,1235.73,Lost,
50073,22,7,2025-12-09,6608.42,66.08,2337.16,Won,2025-12-12
50074,22,9,2026-08-28,368.92,3.48,102.53,Lost,
50075,22,10,2025-07-17,2656.81,28.52,953.01,Won,2025-07-21
50076,22,4,2025-08-10,406.68,4.3,98.83,Lost,
50077,22,4,2025-08-26,472.26,6.04,109.63,Won,2025-08-31
50078,22,6,2025-02-22,4828.66,43.43,1885.53,Lost,
50079,22,8,2025-11-19,518.15,5.3,75.33,Won,2025-11-26
50080,22,3,2025-03-13,688.42,7.78,155.1,Expired,
50081,23,6,2025-04-21,2671.41,27.57,985.46,Expired,
50082,23,3,2026-03-17,440.87,5.89,104.26,Won,2026-03-22
50083,23,5,2025-12-20,315.75,4.0,29.15,Won,2025-12-24
50084,23,9,2025-12-25,349.44,3.27,93.52,Won,2026-01-01
50085,23,4,2025-10-26,318.78,4.1,74.51,Won,2025-11-01
50086,23,7,2025-03-04,4872.59,50.57,2129.37,Expired,
50087,23,6,2025-06-12,3182.95,29.94,1225.71,Won,2025-06-17
50088,24,6,2026-02-10,3633.27,36.39,1224.16,Lost,
50089,24,4,2025-10-21,547.58,6.16,121.07,Won,2025-10-23
50090,24,10,2025-08-12,3862.59,45.27,1408.96,Lost,
50091,25,4,2025-09-03,493.13,5.22,101.64,Won,2025-09-04
50092,25,8,2026-08-01,867.33,8.88,117.23,Won,2026-08-03
50093,25,3,2025-11-28,721.62,9.37,196.05,Lost,
50094,25,6,2026-05-01,3703.98,36.37,1175.36,Expired,
50095,25,6,2025-07-28,2807.41,29.68,1022.11,Expired,
50096,25,6,2026-07-14,3234.63,33.6,1163.79,Won,2026-07-21
50097,25,6,2025-08-01,4294.14,41.53,1444.21,Lost,
50098,25,8,2026-05-24,612.98,6.25,73.66,Won,2026-05-31
50099,26,4,2025-08-17,427.8,4.85,92.3,Lost,
50100,27,9,2026-04-19,261.73,2.34,65.61,Won,2026-04-21
50101,27,5,2025-01-30,362.9,4.25,37.64,Won,2025-02-02
50102,27,10,2026-02-13,3771.93,37.91,1382.0,Won,2026-02-17
50103,27,3,2025-04-25,667.42,8.55,156.33,Won,2025-04-27
50104,27,9,2025-03-29,327.21,3.54,70.26,Won,2025-04-03
50105,28,4,2025-08-04,333.13,3.85,63.6,Lost,
50106,28,10,2025-02-06,3135.47,36.62,1191.98,Won,2025-02-13
50107,29,8,2025-07-29,837.28,9.41,110.52,Won,2025-08-04
50108,29,6,2026-06-12,4255.8,41.95,1694.65,Expired,
50109,29,3,2025-03-15,938.91,12.73,237.23,Won,2025-03-20
50110,30,10,2025-03-27,2028.92,24.64,788.29,Expired,
50111,30,5,2025-12-05,371.47,4.63,35.01,Expired,
50112,30,5,2026-01-18,332.75,4.16,40.61,Won,2026-01-20
50113,30,6,2025-08-27,2754.27,25.37,1139.33,Lost,
50114,31,5,2025-11-23,764.37,8.93,85.1,Won,2025-11-29
50115,31,8,2026-06-13,992.37,10.38,144.07,Expired,
50116,31,6,2025-09-11,6076.89,61.36,2225.26,Lost,
50117,31,6,2026-04-02,6635.52,65.28,2626.79,Lost,
50118,31,10,2025-04-10,5767.64,73.82,2150.3,Lost,
50119,31,10,2026-05-14,4319.44,46.85,1237.76,Won,2026-05-18
50120,32,7,2026-07-12,5397.86,48.06,2008.76,Won,2026-07-15
50121,32,9,2026-07-20,277.9,2.59,78.06,Won,2026-07-22
50122,32,8,2025-03-12,332.45,3.67,34.19,Won,2025-03-16
50123,32,4,2025-10-22,335.32,3.77,66.89,Lost,
50124,32,3,2026-03-15,581.98,7.82,189.62,Won,2026-03-21
50125,32,10,2025-11-01,1734.48,19.93,619.29,Lost,
50126,33,8,2025-10-14,496.32,5.52,65.36,Won,2025-10-18
50127,33,3,2026-07-05,438.89,5.6,129.41,Won,2026-07-10
50128,33,4,2025-10-06,280.79,3.29,59.56,Won,2025-10-07
50129,33,10,2025-03-29,1902.96,20.73,578.98,Expired,
50130,33,8,2025-09-24,514.84,5.29,57.41,Won,2025-09-28
50131,33,8,2025-03-29,457.57,4.78,50.7,Lost,
50132,33,4,2025-09-30,403.09,5.09,93.14,Won,2025-10-03
50133,33,6,2026-07-10,2238.79,21.44,875.74,Lost,
50134,34,6,2025-08-09,4172.06,42.78,1551.83,Lost,
50135,34,8,2025-08-03,614.19,6.13,80.47,Lost,
50136,34,6,2025-11-22,3587.21,37.46,1139.35,Lost,
50137,34,6,2025-09-13,2849.96,27.23,964.17,Won,2025-09-20
50138,34,10,2026-07-15,2943.92,34.48,1239.12,Expired,
50139,34,10,2026-04-22,2409.15,25.66,722.56,Won,2026-04-24
50140,34,3,2025-04-21,514.24,6.75,142.03,Lost,
50141,35,7,2026-04-02,5832.23,54.23,2275.03,Won,2026-04-04
50142,35,4,2025-08-17,376.58,4.83,73.41,Lost,
50143,35,6,2026-07-23,3175.27,32.48,1185.27,Expired,
50144,35,10,2026-07-24,2749.51,30.65,946.7,Lost,
50145,36,4,2026-08-01,549.33,6.28,96.99,Won,2026-08-02
50146,36,10,2025-06-08,2190.51,26.16,746.72,Won,2025-06-14
50147,36,7,2026-04-23,7271.4,57.43,3029.1,Won,2026-04-29
50148,37,10,2025-11-18,2984.96,30.83,1014.11,Lost,
50149,37,3,2025-07-29,871.09,12.07,192.69,Won,2025-08-01
50150,37,4,2025-10-15,410.33,5.08,110.98,Lost,
50151,37,6,2026-06-12,3763.44,37.77,1593.35,Lost,
50152,37,10,2026-06-20,2629.78,27.05,817.55,Lost,
50153,37,4,2025-09-05,436.64,4.89,96.0,Lost,
50154,37,3,2026-06-23,702.4,8.62,190.22,Lost,
50155,37,5,2025-10-29,370.15,4.99,39.92,Won,2025-10-30
50156,37,8,2025-04-03,607.85,7.04,74.1,Won,2025-04-05
50157,37,6,2025-08-17,4698.18,45.38,1845.9,Lost,
50158,38,7,2025-07-20,5125.82,48.87,2251.94,Won,2025-07-24
50159,38,6,2025-08-18,2389.27,24.53,832.57,Won,2025-08-23
50160,39,10,2025-11-19,1701.48,20.72,691.65,Expired,
50161,39,8,2025-04-29,302.7,3.46,36.39,Lost,
50162,39,6,2026-08-23,3459.37,34.56,1256.25,Won,2026-08-25
50163,40,9,2026-05-02,355.96,3.01,96.3,Lost,
50164,40,8,2025-03-31,381.84,4.25,49.31,Lost,
50165,41,8,2026-07-13,381.74,4.37,59.03,Won,2026-07-17
50166,41,8,2025-09-01,508.01,5.03,67.48,Won,2025-09-07
50167,41,4,2026-08-03,415.23,4.89,96.07,Won,2026-08-04
50168,42,10,2025-10-25,3020.66,34.62,1000.04,Won,2025-10-30
50169,42,3,2026-04-08,732.51,9.88,175.0,Expired,
50170,42,4,2026-06-23,470.73,4.7,94.65,Lost,
50171,42,3,2025-05-08,532.45,7.2,147.63,Lost,
50172,43,4,2025-10-20,358.58,3.95,80.65,Won,2025-10-22
50173,43,8,2025-07-07,425.0,4.39,54.11,Lost,
50174,43,3,2025-03-26,531.04,6.54,137.35,Won,2025-03-31
50175,43,10,2026-04-20,1580.97,15.64,501.31,Lost,
50176,43,4,2025-10-06,371.91,4.26,74.32,Won,2025-10-08
50177,43,3,2026-04-13,537.86,6.27,144.17,Won,2026-04-14
50178,43,8,2026-02-07,408.51,4.41,44.16,Won,2026-02-13
50179,43,4,2025-10-18,314.92,3.52,59.34,Won,2025-10-22
50180,44,3,2026-06-12,381.37,5.55,92.94,Won,2026-06-14
50181,44,6,2025-07-28,2669.59,27.24,1001.74,Expired,
50182,44,3,2025-04-27,516.98,7.25,147.83,Won,2025-04-30
50183,44,4,2025-09-26,351.12,3.12,90.59,Won,2025-10-03
50184,44,10,2026-03-22,1815.47,18.83,579.99,Won,2026-03-24
50185,44,7,2026-03-09,5765.61,55.3,1990.23,Lost,
50186,44,7,2026-06-29,5364.83,44.02,1997.56,Won,2026-07-06
50187,45,10,2025-04-29,2162.81,26.85,721.37,Lost,
50188,45,8,2025-03-13,549.78,6.78,74.53,Expired,
50189,46,10,2025-10-03,1950.8,17.82,656.92,Expired,
50190,46,5,2025-12-10,304.83,3.89,25.65,Won,2025-12-17
50191,47,4,2025-07-31,290.6,3.58,62.8,Won,2025-08-04
50192,48,4,2025-09-05,337.01,4.39,75.67,Lost,
50193,48,8,2026-06-20,403.87,4.12,51.48,Won,2026-06-25
50194,48,9,2025-12-30,285.27,2.58,71.4,Won,2026-01-05
50195,48,3,2026-04-01,648.37,8.12,185.18,Lost,
50196,49,4,2025-09-15,397.42,4.15,82.71,Won,2025-09-18
50197,49,8,2026-07-13,559.2,6.72,77.6,Won,2026-07-19
50198,49,9,2025-09-01,513.97,4.88,171.89,Won,2025-09-08
50199,50,4,2025-09-27,421.93,4.72,75.73,Won,2025-09-29
50200,51,5,2025-03-14,358.88,4.38,29.71,Won,2025-03-19
50201,51,10,2026-08-25,3852.55,39.98,1550.36,Lost,
50202,52,10,2025-04-29,4024.72,37.9,1299.75,Lost,
50203,52,7,2025-03-30,10819.26,111.66,3542.69,Won,2025-03-31
50204,52,9,2026-06-25,828.01,7.94,177.88,Won,2026-06-27
50205,53,5,2025-11-16,515.16,6.03,52.45,Won,2025-11-19
50206,53,3,2026-04-05,740.27,8.37,264.41,Lost,
50207,53,9,2025-04-12,428.99,3.6,107.24,Won,2025-04-16
50208,53,10,2025-03-05,4352.7,45.78,1504.23,Won,2025-03-09
50209,53,6,2026-05-16,3985.26,39.49,1546.73,Won,2026-05-23
50210,53,8,2025-10-10,798.5,10.04,109.22,Won,2025-10-16
50211,53,4,2026-05-29,540.26,6.53,121.45,Won,2026-06-01
50212,53,8,2025-08-06,962.04,10.97,139.24,Won,2025-08-12
50213,54,3,2025-05-06,452.98,5.82,114.76,Won,2025-05-07
50214,54,4,2025-11-23,352.9,4.72,90.11,Lost,
50215,55,4,2025-09-30,599.25,6.97,125.11,Won,2025-10-01
50216,55,6,2025-07-23,5105.2,49.76,1751.0,Lost,
50217,55,6,2025-09-13,5891.11,62.33,1964.2,Lost,
50218,55,6,2025-05-20,6512.52,64.23,2143.09,Won,2025-05-22
50219,56,8,2025-10-05,463.02,5.63,63.73,Won,2025-10-10
50220,56,3,2025-03-21,692.86,9.35,201.22,Lost,
50221,57,4,2025-09-05,505.14,5.18,116.88,Won,2025-09-10
50222,57,5,2025-11-07,353.4,4.25,35.41,Expired,
50223,57,4,2025-06-29,313.78,3.2,77.57,Expired,
50224,57,10,2025-07-09,2811.64,30.13,1113.09,Won,2025-07-16
50225,57,6,2025-06-06,3885.64,37.7,1326.55,Expired,
50226,58,7,2025-07-13,7812.19,77.54,2724.47,Won,2025-07-19
50227,58,5,2025-01-25,420.67,4.7,42.84,Expired,
50228,58,4,2026-08-22,481.75,5.23,112.48,Won,2026-08-23
50229,58,6,2025-10-16,5562.85,50.42,1799.6,Won,2025-10-19
50230,58,3,2025-03-28,636.87,8.65,190.96,Lost,
50231,58,8,2026-06-22,826.22,10.13,98.6,Won,2026-06-29
50232,58,3,2025-09-25,656.88,8.4,194.06,Lost,
50233,59,5,2025-12-17,397.94,5.12,35.33,Expired,
50234,60,4,2026-08-10,291.92,3.31,73.52,Lost,
50235,60,3,2025-03-26,387.13,4.34,97.7,Won,2025-03-27
50236,60,4,2025-10-25,506.7,6.38,116.02,Won,2025-10-26
50237,60,4,2025-09-15,399.01,4.32,95.8,Expired,
50238,60,6,2025-10-02,3349.3,27.88,1099.22,Won,2025-10-09
50239,61,6,2026-05-23,3110.61,31.06,1121.98,Won,2026-05-24
50240,61,8,2025-09-09,558.77,5.49,75.89,Won,2025-09-10
50241,61,7,2026-04-30,8680.38,78.66,2907.88,Won,2026-05-06
50242,61,8,2025-05-07,814.78,8.92,122.31,Won,2025-05-14
50243,62,4,2025-08-28,507.57,5.85,129.77,Won,2025-08-30
50244,62,9,2026-04-18,524.98,4.52,141.04,Won,2026-04-22
50245,62,8,2025-07-06,619.98,6.6,81.23,Lost,
50246,62,9,2025-09-21,367.41,3.43,90.83,Lost,
50247,62,3,2026-05-22,1022.97,11.48,256.48,Lost,
50248,62,4,2026-08-22,477.38,5.64,109.53,Won,2026-08-25
50249,62,10,2026-08-12,2970.75,28.8,1177.65,Lost,
50250,64,6,2026-08-26,3185.34,30.12,1197.24,Expired,
50251,64,6,2026-08-28,3189.27,30.54,1081.85,Lost,
50252,64,10,2026-06-06,3110.16,35.06,1077.59,Won,2026-06-11
50253,64,8,2026-02-04,592.4,7.92,85.81,Lost,
50254,64,8,2026-08-13,563.09,5.54,64.56,Lost,
50255,65,3,2025-04-11,566.01,7.29,136.96,Won,2025-04-13
50256,65,10,2025-06-08,1974.3,19.5,654.36,Won,2025-06-09
50257,65,9,2025-05-20,256.89,2.05,72.83,Lost,
50258,65,3,2025-02-21,601.34,8.74,193.37,Lost,
50259,65,7,2025-08-21,4994.39,44.51,1805.78,Won,2025-08-27
50260,65,10,2025-12-16,1759.75,17.61,499.85,Won,2025-12-18
50261,65,6,2026-05-19,2882.77,28.26,1264.25,Won,2026-05-20
50262,65,3,2026-08-24,517.19,7.08,143.18,Lost,
50263,66,3,2025-11-17,863.56,10.56,299.04,Won,2025-11-19
50264,66,3,2025-01-11,879.35,11.84,226.69,Won,2025-01-17
50265,67,3,2025-03-13,419.65,4.45,117.82,Won,2025-03-18
50266,67,8,2026-06-15,425.43,4.63,47.89,Won,2026-06-19
50267,67,6,2026-04-06,2664.26,22.69,883.66,Lost,
50268,68,7,2026-06-24,5358.24,56.5,2105.51,Expired,
50269,68,6,2026-01-13,3000.56,25.83,1105.62,Won,2026-01-16
50270,68,8,2025-07-10,477.05,5.31,68.94,Won,2025-07-17
50271,68,6,2026-08-02,2919.5,29.24,1274.41,Expired,
50272,68,3,2025-07-11,460.75,6.22,127.49,Lost,
50273,68,7,2025-12-28,5904.56,54.61,2335.64,Lost,
50274,68,8,2025-06-24,409.01,4.46,54.95,Lost,
50275,69,3,2025-06-01,420.33,5.99,126.14,Lost,
50276,69,8,2026-05-01,440.75,5.11,58.2,Expired,
50277,69,10,2025-11-10,2310.97,26.45,764.79,Won,2025-11-15
50278,69,6,2026-02-05,3774.86,35.59,1310.8,Lost,
50279,70,8,2025-11-05,580.37,7.12,75.05,Won,2025-11-11
50280,70,6,2025-10-24,4144.26,39.73,1535.97,Won,2025-10-27
50281,70,10,2025-11-05,3248.5,37.98,1035.83,Won,2025-11-10
50282,70,7,2025-03-24,8595.64,81.56,3156.35,Won,2025-03-25
50283,70,4,2025-10-19,488.85,6.52,109.87,Won,2025-10-24
50284,70,8,2025-07-22,586.23,6.22,78.66,Won,2025-07-26
50285,70,6,2025-10-01,3083.73,31.44,895.72,Won,2025-10-08
50286,70,8,2026-08-31,733.26,7.64,87.3,Lost,
50287,71,7,2026-05-31,6742.88,62.08,2445.32,Lost,
50288,71,8,2026-06-27,331.32,3.57,38.22,Expired,
50289,71,3,2026-06-22,455.68,6.09,127.39,Expired,
50290,71,8,2026-07-31,424.71,4.71,56.63,Lost,
50291,71,10,2025-08-16,2842.76,32.99,1076.85,Won,2025-08-20
50292,71,9,2026-05-16,254.31,2.29,65.09,Lost,
50293,72,10,2026-05-14,2633.0,26.08,901.69,Lost,
50294,72,6,2026-03-22,3649.45,30.88,1522.5,Lost,
50295,72,8,2025-05-29,656.87,8.54,98.23,Expired,
50296,72,8,2025-04-12,709.43,6.82,96.18,Won,2025-04-19
50297,72,5,2025-11-14,412.21,5.13,41.23,Won,2025-11-21
50298,72,7,2025-10-18,6648.56,59.2,2974.2,Won,2025-10-19
50299,72,9,2026-06-09,520.77,4.58,131.5,Won,2026-06-15
50300,72,10,2025-11-29,3536.25,38.23,1209.72,Won,2025-12-05
50301,72,3,2025-08-22,716.85,9.31,167.07,Expired,
50302,73,4,2025-09-18,298.76,3.58,65.89,Lost,
50303,73,3,2025-02-21,252.51,3.37,70.71,Won,2025-02-24
50304,73,4,2025-11-09,405.67,4.92,94.05,Lost,
50305,73,9,2025-04-16,319.72,2.85,104.72,Won,2025-04-19
50306,73,6,2025-02-08,2416.79,23.65,805.29,Won,2025-02-10
50307,73,7,2025-09-01,6070.8,51.82,1871.52,Lost,
50308,73,10,2026-08-06,3254.39,44.76,919.62,Lost,
50309,73,9,2025-07-31,249.94,2.21,62.79,Lost,
50310,74,6,2026-07-12,2998.45,27.91,1220.47,Expired,
50311,74,6,2026-05-31,3323.5,30.68,1184.38,Expired,
50312,74,10,2025-04-10,1874.22,23.12,538.12,Expired,
50313,75,10,2025-06-11,2376.83,27.88,790.43,Won,2025-06-13
50314,75,8,2026-06-28,484.28,4.81,66.63,Won,2026-07-02
50315,76,4,2026-02-07,395.0,5.11,99.49,Lost,
50316,76,10,2026-04-10,2141.3,17.1,798.04,Won,2026-04-11
50317,76,9,2025-05-03,329.87,2.78,87.12,Won,2025-05-06
50318,76,3,2026-07-26,374.65,4.32,104.43,Won,2026-07-28
50319,76,6,2025-03-03,3928.6,39.62,1486.14,Lost,
50320,76,6,2026-03-26,2499.85,23.11,1037.18,Won,2026-04-01
50321,76,8,2026-05-22,485.51,5.52,59.01,Expired,
50322,77,4,2025-10-01,465.37,5.58,110.78,Won,2025-10-05
50323,77,5,2026-08-27,372.41,4.8,29.13,Won,2026-09-01
50324,77,6,2026-03-23,3493.55,38.51,1285.99,Won,2026-03-28
50325,77,7,2026-06-07,6337.25,53.91,2236.13,Lost,
50326,77,6,2026-03-16,3930.23,40.17,1394.38,Won,2026-03-19
50327,77,10,2026-06-27,2801.29,30.86,985.02,Won,2026-07-04
50328,77,10,2026-01-04,3190.3,35.21,987.71,Won,2026-01-10
50329,77,3,2025-05-02,672.98,8.36,184.56,Expired,
50330,78,6,2026-05-19,3534.4,31.12,1136.45,Lost,
50331,78,3,2025-06-22,659.39,8.03,171.86,Won,2025-06-28
50332,78,8,2025-09-28,417.85,4.78,54.59,Won,2025-10-01
50333,78,3,2026-03-11,698.52,10.19,205.03,Lost,
50334,78,8,2025-08-19,600.29,7.3,80.22,Won,2025-08-26
50335,78,10,2025-09-09,2286.82,24.53,710.28,Won,2025-09-15
50336,78,3,2025-09-26,654.88,9.14,161.84,Expired,
50337,78,10,2025-09-03,2516.2,30.4,1024.59,Lost,
50338,79,7,2026-03-04,4638.61,44.37,1573.26,Won,2026-03-08
50339,79,8,2025-06-10,576.4,6.71,83.29,Won,2025-06-13
50340,80,5,2025-10-01,372.08,4.58,34.18,Lost,
50341,80,6,2025-07-28,3502.4,33.2,1353.84,Lost,
50342,80,10,2026-06-14,2034.21,17.34,629.41,Lost,
50343,81,8,2025-03-25,787.72,9.39,98.68,Won,2025-03-30
50344,81,7,2026-06-20,8998.44,86.86,3109.25,Expired,
50345,81,10,2025-07-11,4175.72,41.88,1278.76,Lost,
50346,81,10,2025-03-16,3398.56,35.29,1138.67,Expired,
50347,81,7,2025-04-03,10825.18,103.64,4238.32,Won,2025-04-04
50348,81,5,2025-11-28,594.86,6.64,56.44,Won,2025-12-03
50349,81,6,2026-07-20,4004.94,39.3,1390.21,Won,2026-07-21
50350,82,6,2025-06-13,2599.1,28.67,1033.73,Won,2025-06-19
50351,82,5,2025-11-14,383.98,4.49,33.14,Expired,
50352,82,4,2025-06-25,280.96,2.89,65.69,Won,2025-06-27
50353,82,6,2026-04-01,2857.5,29.21,878.58,Lost,
50354,83,8,2026-07-28,357.45,3.95,47.56,Lost,
50355,83,8,2026-03-25,383.62,4.08,41.48,Lost,
50356,83,7,2025-03-08,4112.63,35.14,1758.99,Won,2025-03-10
50357,84,6,2025-08-01,3542.74,30.93,1612.94,Lost,
50358,84,6,2025-10-08,2452.13,23.15,883.87,Expired,
50359,84,9,2026-07-23,292.65,2.29,72.95,Expired,
50360,84,10,2025-10-21,1839.95,20.05,656.6,Won,2025-10-22
50361,84,10,2026-07-13,2293.36,24.64,743.93,Won,2026-07-17
50362,85,5,2025-11-19,456.68,5.68,39.52,Lost,
50363,86,10,2025-10-27,1935.87,19.4,614.61,Won,2025-10-28
50364,86,6,2026-03-30,2395.38,21.29,847.54,Lost,
50365,86,10,2026-05-19,1658.35,16.92,576.34,Won,2026-05-25
50366,87,10,2026-06-22,2912.68,35.18,1081.87,Won,2026-06-26
50367,87,6,2026-03-22,2861.36,27.29,1001.76,Won,2026-03-24
50368,87,10,2026-08-31,1993.59,20.77,537.92,Expired,
50369,87,3,2025-02-22,588.36,7.51,184.05,Won,2025-02-23
50370,87,9,2026-08-19,268.79,2.19,64.97,Lost,
50371,88,3,2025-01-04,607.94,7.8,196.87,Won,2025-01-06
50372,88,6,2025-03-10,2812.06,29.67,902.06,Won,2025-03-17
50373,88,10,2025-05-27,3849.44,44.33,1507.93,Lost,
50374,88,7,2025-10-19,8404.39,75.91,3056.65,Lost,
50375,88,6,2025-03-26,4370.05,40.45,1696.28,Won,2025-03-27
50376,89,4,2025-09-15,469.6,5.89,99.31,Lost,
50377,89,7,2025-03-25,4506.97,42.7,1392.81,Lost,
50378,90,6,2026-08-16,2248.66,22.2,980.78,Won,2026-08-21
50379,90,9,2025-06-11,241.63,2.47,67.1,Lost,
50380,91,4,2025-09-10,632.27,7.68,130.17,Lost,
50381,91,3,2026-06-26,1126.0,14.71,368.95,Won,2026-06-29
50382,91,8,2025-06-07,955.92,10.14,147.1,Lost,
50383,91,9,2025-04-15,627.18,6.15,151.71,Lost,
50384,92,10,2025-08-22,2736.53,29.14,904.42,Won,2025-08-23
50385,92,10,2026-04-24,2546.04,27.64,1029.59,Lost,
50386,92,9,2025-04-19,382.87,3.36,118.28,Won,2025-04-26
50387,92,5,2025-10-29,382.53,4.23,42.21,Won,2025-11-03
50388,93,8,2025-07-18,741.29,7.84,116.59,Won,2025-07-25
50389,93,6,2026-05-31,4225.62,44.19,1561.71,Lost,
50390,94,3,2025-03-08,699.47,8.29,198.27,Lost,
50391,94,6,2025-07-03,3057.84,28.58,1078.12,Expired,
50392,94,6,2025-07-02,1901.64,21.14,713.01,Lost,
50393,95,4,2025-05-11,493.48,5.91,110.56,Lost,
50394,95,9,2025-04-12,456.63,4.21,135.42,Expired,
50395,95,6,2026-06-26,7406.93,84.63,2446.29,Expired,
50396,95,3,2025-06-27,1153.56,14.86,308.51,Expired,
50397,95,3,2026-08-10,989.69,12.2,271.44,Won,2026-08-14
50398,95,8,2026-04-13,538.45,6.48,73.69,Lost,
50399,95,9,2025-09-01,535.91,5.59,140.88,Won,2025-09-07
50400,95,9,2026-07-03,737.14,6.87,191.35,Lost,
50401,95,6,2025-06-14,5829.47,68.93,1877.76,Won,2025-06-18
50402,95,10,2026-01-07,3508.97,37.07,1093.03,Lost,
50403,96,6,2026-07-09,3168.65,32.56,1039.07,Expired,
50404,96,3,2026-04-29,459.91,5.43,121.11,Won,2026-05-04
50405,96,3,2025-10-15,430.28,5.25,109.15,Lost,
50406,97,8,2025-08-08,554.69,5.0,72.41,Won,2025-08-10
50407,97,8,2025-04-29,717.97,8.29,89.35,Won,2025-05-03
50408,97,3,2026-05-30,747.41,10.03,191.77,Won,2026-06-02
50409,97,9,2026-07-18,451.71,4.04,102.12,Won,2026-07-23
50410,97,4,2025-10-28,658.34,8.51,139.46,Expired,
50411,97,5,2025-12-25,415.55,4.53,49.67,Lost,
50412,98,6,2025-04-23,2783.08,28.35,974.54,Won,2025-04-29
50413,98,3,2026-03-30,491.49,6.29,135.17,Won,2026-04-06
50414,98,10,2025-06-01,2265.05,21.15,840.97,Won,2025-06-06
50415,99,9,2026-05-06,538.23,5.38,155.09,Lost,
50416,99,4,2025-06-08,379.6,4.93,86.49,Won,2025-06-15
50417,99,9,2025-07-13,299.14,3.05,78.73,Won,2025-07-15
50418,99,10,2026-04-28,2469.73,29.29,865.09,Lost,
50419,99,3,2025-10-20,656.54,8.66,156.4,Won,2025-10-27
50420,99,8,2025-11-08,883.01,11.03,94.6,Lost,
50421,100,8,2025-08-31,907.42,10.85,107.18,Won,2025-09-03
50422,100,6,2026-03-24,6153.88,56.22,1940.73,Lost,
50423,100,5,2025-11-11,689.55,7.68,64.66,Won,2025-11-17
50424,101,5,2025-12-18,264.13,3.66,30.41,Won,2025-12-19
50425,101,8,2026-06-22,492.82,5.82,60.29,Won,2026-06-23
50426,101,3,2025-07-18,581.87,7.77,166.13,Won,2025-07-20
50427,101,10,2026-07-01,1742.63,17.62,663.62,Lost,
50428,102,9,2026-07-18,388.69,3.58,110.04,Won,2026-07-19
50429,102,8,2025-04-11,620.2,5.81,74.13,Won,2025-04-14
50430,102,10,2026-04-30,2778.12,32.72,822.04,Won,2026-05-01
50431,102,8,2025-12-26,615.15,6.76,79.16,Lost,
50432,102,9,2026-07-29,400.18,3.44,107.36,Won,2026-08-03
50433,103,10,2026-07-16,2207.86,26.29,767.87,Won,2026-07-19
50434,103,8,2025-03-23,817.32,7.96,99.75,Won,2025-03-30
50435,103,5,2025-02-05,410.26,4.84,35.1,Won,2025-02-10
50436,103,10,2025-08-28,3113.23,39.7,1148.3,Won,2025-09-01
50437,103,4,2025-11-28,313.24,4.01,71.53,Lost,
50438,103,10,2026-05-18,3372.62,38.45,986.02,Won,2026-05-22
50439,104,9,2025-08-02,295.1,3.0,87.02,Won,2025-08-08
50440,104,10,2026-02-27,1754.71,17.82,535.33,Lost,
50441,104,8,2025-04-10,439.73,4.85,53.38,Won,2025-04-11
50442,104,6,2026-05-01,3114.62,32.65,1023.89,Expired,
50443,104,3,2025-12-26,617.69,7.3,191.81,Won,2025-12-30
50444,105,5,2025-11-10,233.33,2.91,22.72,Lost,
50445,105,9,2025-07-07,216.91,2.26,48.16,Won,2025-07-11
50446,105,3,2025-01-18,548.96,7.12,147.27,Won,2025-01-23
50447,105,3,2026-03-17,486.9,6.09,126.27,Won,2026-03-21
50448,106,4,2026-05-09,423.25,5.02,109.68,Won,2026-05-14
50449,106,4,2025-04-02,675.22,7.85,131.99,Won,2025-04-06
50450,107,8,2025-06-11,573.93,6.0,76.08,Won,2025-06-12
50451,107,3,2025-05-18,443.69,5.65,116.52,Won,2025-05-24
50452,107,5,2025-01-03,294.72,3.81,32.7,Won,2025-01-09
50453,107,9,2026-05-14,323.21,2.46,89.37,Expired,
50454,108,9,2025-07-13,210.88,1.7,62.77,Lost,
50455,108,8,2025-06-19,485.02,4.97,60.98,Lost,
50456,108,8,2025-11-22,482.46,5.6,62.49,Won,2025-11-29
50457,108,5,2026-04-05,229.83,2.38,21.51,Lost,
50458,109,3,2026-03-10,355.05,4.45,73.53,Expired,
50459,109,3,2025-03-22,432.54,5.97,108.05,Expired,
50460,109,10,2026-06-07,1957.07,21.06,633.85,Expired,
50461,109,5,2025-12-04,364.39,4.27,37.67,Won,2025-12-05
50462,109,6,2025-08-28,3189.83,31.48,1090.61,Won,2025-08-29
50463,110,5,2025-08-23,494.93,6.81,50.68,Lost,
50464,110,8,2026-05-02,704.93,8.23,109.26,Lost,
50465,110,3,2025-03-14,479.81,6.87,118.06,Won,2025-03-17
50466,110,5,2025-09-27,377.74,4.99,36.09,Won,2025-10-01
50467,110,6,2025-05-09,3136.15,27.83,1118.97,Lost,
50468,110,9,2026-05-01,370.43,3.94,97.25,Expired,
50469,110,8,2026-07-23,538.29,6.2,60.28,Lost,
50470,111,9,2026-07-08,195.36,1.65,43.18,Lost,
50471,111,10,2026-04-07,2617.07,33.36,966.41,Won,2026-04-08
50472,111,4,2026-08-20,399.5,5.04,97.06,Lost,
50473,111,10,2025-09-17,2501.5,27.37,779.47,Expired,
50474,111,9,2025-03-18,204.33,1.67,53.54,Won,2025-03-20
50475,112,7,2025-04-12,7372.85,69.19,2786.2,Expired,
50476,112,3,2025-07-16,487.39,6.46,133.29,Lost,
50477,112,7,2026-05-12,4125.5,40.89,1594.62,Won,2026-05-16
50478,113,3,2025-04-12,570.76,8.01,160.86,Won,2025-04-19
50479,113,4,2025-05-23,367.65,3.78,81.82,Won,2025-05-24
50480,113,7,2025-04-19,6310.84,57.75,2522.4,Lost,
50481,113,3,2025-03-17,379.6,5.4,121.3,Lost,
50482,114,7,2025-06-30,9327.59,81.16,3436.93,Expired,
50483,114,3,2026-04-21,830.17,11.09,239.22,Won,2026-04-28
50484,114,3,2026-03-16,857.35,10.32,218.75,Won,2026-03-19
50485,114,6,2026-08-05,3319.36,32.04,1442.86,Won,2026-08-12
50486,115,8,2026-03-03,501.88,4.98,66.61,Won,2026-03-06
50487,115,3,2026-03-30,963.13,12.06,220.02,Expired,
50488,115,10,2025-04-21,2426.98,25.28,722.04,Won,2025-04-22
50489,115,10,2025-06-08,3149.14,34.03,961.91,Lost,
50490,115,4,2026-08-20,548.28,6.67,144.12,Lost,
50491,116,10,2025-09-30,1831.23,18.9,651.61,Lost,
50492,116,5,2025-10-23,199.86,2.73,17.66,Lost,
50493,116,10,2025-07-08,1903.02,21.12,664.06,Won,2025-07-14
50494,116,4,2026-08-16,312.55,3.83,69.27,Won,2026-08-19
50495,117,5,2025-11-19,278.22,3.33,23.83,Expired,
50496,117,9,2025-06-29,250.54,2.18,72.39,Lost,
50497,118,10,2026-05-13,2161.75,26.77,830.98,Won,2026-05-16
50498,118,4,2026-07-02,300.93,3.81,74.88,Won,2026-07-04
50499,119,9,2025-06-04,194.72,1.88,44.56,Won,2025-06-11
50500,119,3,2025-03-27,290.82,3.5,78.36,Expired,
50501,119,3,2025-12-15,620.74,7.36,177.68,Won,2025-12-18
50502,120,3,2025-03-25,598.18,8.04,150.92,Won,2025-04-01
50503,120,9,2026-08-25,305.76,3.1,80.74,Won,2026-08-30
50504,120,4,2026-04-01,356.76,4.15,69.32,Won,2026-04-06
50505,120,8,2026-04-23,564.62,6.31,77.31,Won,2026-04-28
50506,120,6,2025-11-09,4441.08,47.4,1608.48,Won,2025-11-12
50507,121,10,2025-03-01,1619.9,19.16,591.86,Expired,
50508,121,3,2025-10-10,720.91,9.8,195.21,Lost,
50509,121,8,2025-06-11,745.33,8.59,99.33,Lost,
50510,121,9,2025-08-28,362.0,3.06,91.38,Lost,
50511,121,8,2026-05-06,671.04,8.5,68.36,Lost,
50512,121,8,2025-04-12,618.86,6.3,73.76,Won,2025-04-14
50513,122,6,2026-03-18,5162.09,48.72,1971.46,Won,2026-03-20
50514,122,10,2025-05-28,4629.79,56.03,1791.76,Won,2025-05-30
50515,122,10,2026-05-22,2575.16,30.01,904.5,Expired,
50516,122,10,2026-04-07,3081.72,27.23,1042.39,Won,2026-04-08
50517,122,9,2025-07-24,383.84,4.33,101.58,Won,2025-07-25
50518,122,8,2025-12-21,1059.79,11.7,162.87,Expired,
50519,122,8,2026-08-05,798.29,8.87,77.82,Won,2026-08-08
50520,122,8,2025-03-21,1138.29,12.26,136.99,Expired,
50521,123,6,2025-07-14,2759.01,22.78,1027.24,Lost,
50522,124,5,2025-10-20,388.85,4.83,38.88,Won,2025-10-25
50523,124,4,2025-10-17,453.59,5.68,103.13,Lost,
50524,124,8,2026-02-13,948.42,11.21,142.75,Won,2026-02-17
50525,124,8,2025-11-15,893.44,9.71,116.04,Won,2025-11-16
50526,124,10,2026-03-06,2093.56,24.08,671.59,Lost,
50527,125,8,2026-07-04,830.28,9.22,105.02,Lost,
50528,125,4,2026-07-31,370.7,4.61,84.03,Lost,
50529,125,4,2025-08-07,456.12,4.54,87.22,Won,2025-08-14
50530,125,9,2026-04-22,325.22,3.25,82.27,Lost,
50531,126,3,2025-11-30,717.45,10.04,200.49,Lost,
50532,126,10,2026-03-08,4228.65,50.92,1568.24,Won,2026-03-10
50533,126,4,2026-08-06,481.91,5.4,91.68,Won,2026-08-07
50534,126,3,2026-05-05,860.44,11.56,253.63,Won,2026-05-10
50535,126,6,2026-06-20,2570.37,21.85,957.61,Lost,
50536,126,5,2025-12-09,437.71,4.78,36.74,Won,2025-12-11
50537,126,4,2025-11-20,489.47,5.18,113.69,Won,2025-11-23
50538,127,8,2025-12-05,680.87,8.19,82.82,Won,2025-12-10
50539,127,6,2025-08-06,5074.1,50.11,1931.4,Lost,
50540,127,8,2025-04-12,635.31,6.16,78.02,Won,2025-04-18
50541,127,6,2025-08-26,4698.7,49.2,1891.36,Won,2025-08-29
50542,128,3,2026-06-13,592.37,7.37,156.31,Lost,
50543,129,9,2026-06-19,397.52,3.34,99.9,Lost,
50544,129,8,2025-06-09,574.42,6.29,71.8,Won,2025-06-14
50545,129,7,2025-03-22,9632.67,96.81,3634.14,Won,2025-03-28
50546,130,10,2025-09-20,2999.26,33.64,1131.18,Lost,
50547,130,9,2025-09-05,302.12,2.65,89.46,Won,2025-09-10
50548,130,8,2025-11-07,456.94,4.9,71.19,Won,2025-11-09
50549,130,10,2026-08-04,1781.53,19.91,588.06,Lost,
50550,130,10,2026-08-12,2344.35,22.83,748.26,Lost,
50551,130,6,2025-08-18,3655.5,38.71,1377.89,Won,2025-08-24
50552,131,4,2026-07-23,268.76,3.05,47.86,Won,2026-07-26
50553,132,6,2025-07-24,3861.88,39.89,1333.8,Won,2025-07-26
50554,132,5,2026-02-26,239.62,2.93,25.9,Won,2026-03-03
50555,132,7,2025-05-27,5295.92,50.45,2371.16,Expired,
50556,132,5,2025-10-31,266.05,3.94,25.8,Won,2025-11-07
50557,133,10,2025-09-16,2291.97,25.98,721.36,Expired,
50558,133,3,2025-04-08,381.59,5.07,111.46,Won,2025-04-11
50559,133,7,2026-04-03,4692.13,37.26,1923.45,Won,2026-04-08
50560,133,6,2026-08-04,2127.28,19.79,772.93,Lost,
50561,133,3,2026-05-12,621.12,7.86,170.28,Won,2026-05-18
50562,134,7,2025-12-18,5478.36,47.45,2045.86,Lost,
50563,134,9,2025-10-23,229.15,2.34,60.1,Won,2025-10-29
50564,134,8,2025-06-24,389.58,4.06,48.17,Lost,
50565,134,3,2025-04-10,544.74,6.93,123.34,Lost,
50566,134,9,2025-05-19,213.98,1.89,65.64,Won,2025-05-25
50567,134,6,2025-05-28,2690.51,24.78,1020.83,Won,2025-06-02
50568,135,5,2026-01-10,474.23,5.97,44.77,Won,2026-01-15
50569,135,10,2026-02-22,1826.36,19.94,685.64,Won,2026-02-27
50570,135,3,2025-05-06,530.85,5.96,136.53,Won,2025-05-07
50571,135,3,2025-03-23,392.09,5.02,122.65,Won,2025-03-30
50572,136,6,2026-06-28,2888.84,28.93,916.36,Won,2026-07-02
50573,136,9,2026-03-03,282.27,2.56,84.87,Won,2026-03-05
50574,136,6,2025-06-07,2208.73,19.67,717.57,Won,2025-06-12
50575,136,10,2025-07-18,2251.67,28.54,703.48,Expired,
50576,136,8,2025-08-21,475.05,6.06,64.78,Won,2025-08-25
50577,136,8,2026-07-11,451.57,6.17,43.88,Won,2026-07-16
50578,138,3,2025-05-19,422.57,5.12,135.4,Won,2025-05-21
50579,138,6,2026-05-04,2523.48,26.05,911.77,Expired,
50580,138,4,2026-08-05,391.34,4.14,84.64,Won,2026-08-08
50581,138,3,2026-01-15,485.35,5.08,137.97,Won,2026-01-18
50582,138,3,2026-01-13,468.75,6.79,134.47,Won,2026-01-14
50583,138,10,2025-10-11,1819.55,17.73,621.2,Lost,
50584,139,3,2025-09-05,461.75,5.86,122.68,Won,2025-09-12
50585,139,4,2025-09-03,368.87,4.65,71.64,Lost,
50586,139,5,2025-11-20,311.84,4.0,31.82,Won,2025-11-23
50587,139,10,2025-03-19,1298.02,16.7,515.79,Expired,
50588,140,6,2026-07-09,2318.64,22.66,810.19,Lost,
50589,140,3,2026-04-20,679.08,7.58,195.31,Lost,
50590,140,8,2025-10-17,387.92,4.18,43.57,Won,2025-10-20
50591,140,4,2025-08-15,451.95,5.87,99.44,Won,2025-08-19
50592,140,6,2026-08-29,2525.09,27.2,684.53,Lost,
50593,141,8,2025-04-02,709.14,7.87,77.04,Won,2025-04-06
50594,141,8,2026-07-15,695.9,6.76,102.42,Won,2026-07-16
50595,142,8,2025-05-04,601.09,6.41,82.97,Won,2025-05-08
50596,142,4,2025-09-06,268.74,3.23,54.14,Won,2025-09-07
50597,142,10,2025-11-22,2556.84,25.3,977.93,Expired,
50598,142,5,2025-11-06,238.58,2.41,26.73,Expired,
50599,143,5,2025-10-28,346.14,4.01,28.07,Won,2025-10-30
50600,143,8,2025-03-05,481.48,5.26,71.31,Won,2025-03-06
50601,144,5,2025-12-13,254.31,3.43,24.66,Lost,
50602,144,7,2025-05-03,5702.83,50.61,2189.68,Won,2025-05-06
50603,144,10,2025-09-18,1845.31,19.85,648.38,Lost,
50604,144,10,2026-06-06,2380.76,25.02,731.15,Lost,
50605,145,6,2026-08-10,4364.56,37.75,1501.3,Expired,
50606,145,6,2025-01-12,5998.28,60.05,2028.02,Won,2025-01-15
50607,145,3,2026-05-26,1248.94,16.09,342.75,Won,2026-05-29
50608,145,5,2025-12-12,661.64,8.28,63.39,Won,2025-12-16
50609,145,3,2025-10-04,1150.42,15.26,328.12,Won,2025-10-11
50610,146,4,2025-11-22,382.49,4.36,77.83,Won,2025-11-28
50611,146,6,2025-05-11,3395.64,31.53,1309.01,Expired,
50612,146,8,2025-09-26,494.26,6.05,59.95,Lost,
50613,146,3,2025-03-30,394.56,5.62,113.74,Won,2025-04-05
50614,146,7,2026-05-22,5906.6,54.65,2441.79,Lost,
50615,146,10,2025-10-26,1596.59,20.19,457.22,Lost,
50616,147,4,2025-05-09,383.75,4.73,85.72,Won,2025-05-15
50617,147,3,2026-06-25,482.68,7.03,137.24,Won,2026-07-01
50618,148,10,2025-04-13,2527.38,28.83,864.66,Won,2025-04-19
50619,148,8,2025-05-26,377.48,3.94,37.25,Won,2025-05-29
50620,149,10,2025-12-12,1950.76,19.82,786.28,Lost,
50621,149,3,2026-08-29,476.78,5.69,130.76,Won,2026-09-04
50622,150,10,2025-10-28,3152.97,33.95,1120.09,Lost,
50623,150,7,2025-06-29,6298.05,66.09,2246.61,Expired,
50624,150,3,2025-06-05,462.12,6.41,120.36,Won,2025-06-09
50625,151,4,2025-10-04,429.54,5.36,96.2,Lost,
50626,151,9,2025-09-13,361.44,3.36,92.3,Won,2025-09-18
50627,151,5,2025-11-19,253.83,3.24,24.29,Won,2025-11-21
50628,151,5,2026-06-21,306.16,3.65,28.29,Lost,
50629,152,8,2026-07-22,523.33,5.62,83.38,Won,2026-07-26
50630,152,10,2026-05-23,1832.01,22.07,667.48,Won,2026-05-24
50631,152,5,2025-12-10,189.43,2.48,17.78,Won,2025-12-16
50632,152,3,2026-05-19,431.38,5.37,96.99,Won,2026-05-26
50633,153,6,2025-02-03,3574.25,33.03,1241.84,Lost,
50634,154,8,2025-02-03,634.12,7.5,65.21,Won,2025-02-10
50635,154,9,2025-05-27,318.36,2.77,87.96,Lost,
50636,154,4,2026-04-20,411.09,4.68,85.76,Lost,
50637,154,6,2025-05-16,6072.57,53.76,2298.37,Lost,
50638,155,4,2025-10-14,348.21,3.99,85.97,Won,2025-10-20
50639,155,6,2026-07-13,3556.6,34.38,1250.56,Lost,
50640,155,3,2025-02-06,449.44,6.6,132.6,Expired,
50641,155,6,2026-05-15,2705.59,29.47,877.0,Lost,
50642,155,4,2025-08-09,377.65,4.53,84.58,Lost,
50643,155,10,2026-08-26,1690.8,19.05,605.15,Expired,
50644,155,3,2025-04-20,516.9,6.91,140.13,Lost,
50645,156,6,2025-07-27,2714.23,23.17,932.7,Lost,
50646,156,10,2026-04-19,1959.42,19.53,642.17,Lost,
50647,156,7,2026-06-16,5280.05,54.88,2082.62,Won,2026-06-23
50648,156,7,2025-05-07,5072.66,49.86,1889.72,Won,2025-05-10
50649,156,10,2026-02-18,1935.21,20.59,618.94,Won,2026-02-22
50650,157,3,2026-05-05,441.54,5.1,130.46,Lost,
50651,157,9,2025-11-30,290.72,2.45,80.1,Expired,
50652,158,6,2026-04-26,5016.41,49.41,1987.77,Expired,
50653,158,4,2025-08-13,475.49,5.37,91.39,Won,2025-08-16
50654,158,3,2026-08-19,876.58,10.42,286.69,Won,2026-08-25
50655,158,6,2025-11-05,4192.05,45.59,1302.55,Lost,
50656,158,8,2026-04-23,463.15,4.49,61.36,Lost,
50657,158,3,2026-03-09,703.44,9.22,183.43,Lost,
50658,158,4,2025-09-21,479.54,5.53,94.09,Lost,
50659,158,10,2025-01-04,2541.52,26.88,791.25,Won,2025-01-07
50660,159,4,2025-10-12,637.1,6.15,113.35,Won,2025-10-13
50661,159,10,2026-07-19,3150.37,36.6,1069.06,Lost,
50662,159,9,2025-04-28,400.72,4.18,123.12,Won,2025-05-01
50663,159,3,2026-07-20,942.89,14.52,244.96,Lost,
50664,159,6,2025-11-18,5308.09,50.9,1908.49,Won,2025-11-20
50665,159,10,2025-09-23,3550.76,35.81,1260.22,Lost,
50666,159,10,2025-08-28,3731.69,42.45,1344.37,Won,2025-09-01
50667,159,9,2025-06-09,518.83,5.22,154.18,Lost,
50668,160,4,2026-02-21,426.02,4.72,99.53,Won,2026-02-23
50669,160,8,2025-06-23,452.36,4.62,70.09,Won,2025-06-30
50670,160,10,2026-04-09,2639.09,32.13,928.82,Lost,
50671,160,3,2026-04-26,440.78,5.5,117.96,Won,2026-04-27
50672,160,10,2025-12-31,1867.96,23.91,659.91,Lost,
50673,160,7,2026-05-22,5902.65,59.54,2723.71,Lost,
50674,162,10,2026-02-07,1940.93,22.94,710.78,Won,2026-02-11
50675,162,8,2025-11-07,329.34,3.55,34.99,Won,2025-11-09
50676,162,6,2026-05-24,2734.54,24.25,946.06,Lost,
50677,162,4,2026-08-06,249.87,3.09,51.38,Won,2026-08-13
50678,163,10,2025-05-16,2173.25,24.07,740.92,Won,2025-05-23
50679,163,6,2025-08-30,3032.42,29.66,1037.18,Won,2025-08-31
50680,163,8,2025-08-22,628.56,7.52,83.75,Won,2025-08-27
50681,163,7,2025-09-30,10513.02,88.52,4136.79,Won,2025-10-01
50682,163,3,2025-05-21,722.72,10.7,170.67,Lost,
50683,163,6,2025-05-12,4317.08,42.77,1605.77,Lost,
50684,163,3,2025-05-04,900.74,11.93,255.76,Lost,
50685,164,9,2025-04-21,234.31,2.02,75.03,Lost,
50686,164,3,2026-02-03,728.87,8.82,188.29,Expired,
50687,164,6,2025-07-29,3751.11,34.23,1238.34,Lost,
50688,164,9,2025-06-22,285.12,2.69,77.83,Won,2025-06-28
50689,165,5,2025-11-24,436.64,4.98,42.93,Won,2025-11-25
50690,165,3,2025-09-06,629.65,7.34,189.63,Won,2025-09-12
50691,165,3,2025-07-08,417.0,4.91,121.83,Won,2025-07-10
50692,165,3,2025-05-05,558.53,7.25,180.24,Expired,
50693,165,3,2026-07-21,497.83,6.01,130.31,Won,2026-07-22
50694,165,9,2026-04-01,276.24,2.55,65.3,Won,2026-04-05
50695,165,3,2026-05-11,494.37,6.12,126.29,Lost,
50696,166,10,2025-10-10,1388.75,14.64,528.75,Lost,
50697,166,9,2025-08-06,225.68,1.97,61.87,Won,2025-08-08
50698,166,4,2025-09-11,456.9,5.73,102.41,Won,2025-09-14
50699,167,3,2026-06-05,372.0,4.7,115.83,Expired,
50700,167,4,2026-08-15,492.81,5.12,116.83,Lost,
50701,167,10,2025-06-18,2044.46,22.69,661.74,Lost,
50702,167,5,2025-12-16,313.94,4.03,35.08,Won,2025-12-21
50703,167,9,2025-08-01,327.37,3.37,92.7,Lost,
50704,167,5,2025-10-01,317.27,3.4,23.9,Won,2025-10-04
50705,168,7,2026-01-02,11978.19,125.71,4685.47,Won,2026-01-05
50706,169,7,2025-10-25,6476.06,61.83,2338.68,Won,2025-10-30
50707,169,5,2025-11-20,419.79,5.66,44.36,Lost,
50708,169,6,2026-05-21,3228.17,27.9,1081.75,Won,2026-05-28
50709,169,4,2026-08-26,670.77,9.27,153.01,Expired,
50710,169,3,2025-08-16,686.35,8.96,202.35,Lost,
50711,169,10,2025-06-18,2643.35,28.26,1006.89,Expired,
50712,170,4,2025-11-25,409.35,5.05,96.32,Won,2025-12-01
50713,170,3,2025-02-16,794.93,9.33,226.62,Won,2025-02-18
50714,170,4,2025-09-26,509.83,5.87,127.6,Lost,
50715,170,8,2025-05-15,511.46,5.31,76.08,Lost,
50716,170,10,2025-03-11,3231.91,34.64,1142.14,Lost,
50717,170,10,2025-07-19,2716.65,29.0,882.76,Won,2025-07-21
50718,170,8,2026-04-28,534.81,6.05,69.1,Won,2026-05-04
50719,171,10,2025-09-01,3028.09,34.64,1161.35,Lost,
50720,171,7,2025-01-04,9155.44,84.61,3506.01,Expired,
50721,171,3,2025-02-13,781.81,10.47,227.52,Won,2025-02-16
50722,171,8,2025-05-27,687.86,8.0,87.01,Won,2025-06-01
50723,171,9,2025-07-16,432.59,4.31,103.14,Expired,
50724,171,8,2025-08-22,617.68,6.51,91.11,Won,2025-08-24
50725,171,3,2025-04-08,708.79,9.24,208.6,Won,2025-04-13
50726,172,10,2025-09-01,1907.02,19.26,769.46,Won,2025-09-04
50727,172,5,2025-10-10,290.4,4.37,26.09,Lost,
50728,172,10,2025-06-09,1802.98,21.08,597.02,Lost,
50729,172,5,2025-06-28,215.64,2.62,20.74,Won,2025-06-29
50730,172,9,2025-05-21,240.81,2.5,54.33,Won,2025-05-22
50731,172,3,2025-02-10,509.25,6.71,127.27,Won,2025-02-15
50732,172,7,2026-06-19,5911.17,53.89,2503.0,Won,2026-06-26
50733,173,6,2026-02-12,3310.45,29.49,1191.78,Won,2026-02-19
50734,173,4,2025-10-24,468.34,4.56,98.73,Won,2025-10-26
50735,173,10,2026-02-27,3536.71,37.2,1138.65,Won,2026-03-02
50736,173,9,2026-06-26,408.33,3.77,101.02,Expired,
50737,173,6,2025-11-20,4316.8,46.22,1618.89,Expired,
50738,173,3,2025-04-06,753.83,8.69,204.67,Won,2025-04-08
50739,174,4,2025-09-25,448.74,4.51,87.3,Won,2025-09-27
50740,174,10,2026-05-30,1502.31,16.21,559.71,Won,2026-06-03
50741,175,8,2025-07-02,955.36,10.52,138.05,Lost,
50742,175,6,2025-05-24,4759.39,45.36,1685.11,Won,2025-05-26
50743,175,3,2025-12-04,795.56,10.72,247.08,Won,2025-12-06
50744,176,5,2025-11-26,459.47,5.82,46.0,Lost,
50745,176,10,2025-10-15,3043.86,36.5,1079.5,Lost,
50746,176,3,2026-04-05,625.16,8.22,172.86,Lost,
50747,176,4,2026-01-26,346.43,3.72,67.19,Won,2026-01-30
50748,176,8,2026-05-04,724.21,9.0,95.83,Won,2026-05-06
50749,176,8,2025-03-26,674.83,7.75,87.03,Lost,
50750,176,3,2025-07-11,580.68,7.13,193.0,Won,2025-07-15
50751,176,7,2026-04-11,5615.83,54.25,1885.18,Lost,
50752,177,10,2025-07-20,1999.75,21.4,777.36,Won,2025-07-25
50753,177,9,2026-03-17,254.62,2.34,74.8,Won,2026-03-18
50754,177,10,2026-04-28,1517.04,18.08,528.63,Expired,
50755,177,3,2025-09-23,624.23,8.52,179.94,Expired,
50756,177,5,2025-12-20,308.7,4.14,24.98,Lost,
50757,178,7,2025-05-15,4578.82,45.58,1738.6,Expired,
50758,178,6,2026-03-15,2493.17,23.06,909.96,Lost,
50759,178,3,2025-02-02,380.88,4.68,103.91,Won,2025-02-08
50760,179,3,2025-01-04,890.15,12.04,250.31,Won,2025-01-06
50761,179,3,2026-06-19,1047.57,11.06,303.13,Won,2026-06-20
50762,179,10,2025-10-16,4387.94,49.02,1261.59,Lost,
50763,179,7,2026-04-14,11035.08,97.46,4351.78,Lost,
50764,179,8,2025-04-26,944.46,9.91,143.16,Lost,
50765,180,4,2026-08-24,605.56,6.71,127.13,Lost,
50766,180,4,2025-10-19,634.77,8.15,156.41,Won,2025-10-20
50767,180,6,2026-05-09,3919.19,41.47,1511.12,Expired,
50768,180,6,2026-05-15,3881.55,41.18,1568.38,Won,2026-05-22
50769,181,10,2025-08-29,2145.66,24.7,827.76,Lost,
50770,181,3,2025-03-07,663.01,7.39,192.1,Won,2025-03-09
50771,181,3,2026-03-26,441.58,5.9,105.43,Won,2026-03-27
50772,181,3,2025-10-29,451.79,5.66,115.67,Won,2025-10-30
50773,182,3,2025-03-09,529.89,6.72,151.05,Won,2025-03-15
50774,182,10,2026-05-26,2716.22,30.94,1114.82,Lost,
50775,182,8,2025-11-08,398.26,4.72,51.83,Expired,
50776,183,3,2025-11-28,571.67,7.62,167.74,Won,2025-12-04
50777,183,3,2026-04-30,765.02,9.26,222.23,Won,2026-05-05
50778,183,9,2025-05-08,330.03,3.05,100.06,Won,2025-05-14
50779,184,7,2025-05-04,7755.48,75.86,2736.88,Lost,
50780,184,10,2026-08-20,3585.07,42.06,1361.35,Won,2026-08-24
50781,184,7,2025-04-15,11688.44,112.37,4679.15,Lost,
50782,185,9,2025-07-06,270.96,2.87,63.19,Expired,
50783,185,8,2026-03-04,457.91,5.34,66.38,Lost,
50784,185,7,2026-08-18,5345.8,45.33,1858.02,Expired,
50785,185,7,2026-05-22,8379.23,71.64,2838.87,Won,2026-05-29
50786,186,3,2025-11-19,459.01,5.95,138.54,Won,2025-11-24
50787,186,3,2025-05-03,491.86,6.7,148.79,Won,2025-05-10
50788,186,8,2026-06-07,408.37,4.99,45.68,Lost,
50789,186,4,2025-09-24,370.25,4.21,88.81,Won,2025-09-29
50790,186,6,2025-10-06,2468.72,21.74,1051.09,Lost,
50791,186,4,2025-07-13,525.42,5.04,118.57,Won,2025-07-14
50792,187,10,2026-07-15,2338.59,27.49,804.22,Lost,
50793,187,9,2026-04-22,305.11,2.84,76.45,Lost,
50794,187,4,2025-09-26,444.03,5.13,102.97,Won,2025-09-28
50795,188,9,2026-07-25,519.96,4.97,144.42,Won,2026-08-01
50796,188,10,2025-04-23,3240.19,40.86,1154.23,Lost,
50797,188,10,2025-02-02,2319.97,26.04,732.5,Expired,
50798,188,10,2025-03-12,2185.67,29.73,825.02,Expired,
50799,188,8,2026-08-02,538.02,7.2,67.99,Lost,
50800,188,9,2026-03-28,343.43,3.16,95.87,Won,2026-04-03
50801,188,5,2025-12-18,492.05,6.4,49.38,Expired,
50802,189,4,2025-09-13,419.52,4.57,93.52,Won,2025-09-18
50803,189,6,2026-02-18,1999.83,18.93,605.45,Expired,
50804,189,10,2025-02-06,2241.99,24.84,762.05,Lost,
50805,190,9,2025-08-05,477.49,4.2,129.88,Won,2025-08-07
50806,190,7,2026-08-21,12659.39,104.83,4301.67,Won,2026-08-23
50807,190,8,2026-05-25,823.25,9.08,104.48,Lost,
50808,190,3,2025-04-19,727.74,10.14,230.87,Lost,
50809,190,10,2025-04-08,3683.69,41.62,1172.14,Won,2025-04-13
50810,191,6,2026-01-21,4517.62,39.95,1469.68,Lost,
50811,191,8,2026-04-25,902.16,10.67,106.67,Won,2026-05-01
50812,191,10,2025-07-07,4065.35,41.24,1512.71,Expired,
50813,191,3,2025-05-04,908.55,12.42,215.18,Won,2025-05-10
50814,193,10,2025-06-02,2238.38,27.0,732.5,Won,2025-06-07
50815,193,8,2025-06-11,582.51,6.93,65.98,Lost,
50816,193,3,2025-08-12,618.68,8.74,157.16,Won,2025-08-17
50817,194,8,2025-05-01,535.36,6.53,61.67,Won,2025-05-02
50818,194,10,2025-07-25,1771.18,18.68,601.11,Won,2025-07-31
50819,194,3,2026-04-11,452.65,4.63,132.65,Won,2026-04-12
50820,194,5,2025-11-21,214.07,2.94,22.88,Won,2025-11-24
50821,195,7,2026-08-03,5934.84,57.28,2092.35,Won,2026-08-07
50822,195,5,2026-05-15,289.11,3.2,29.16,Won,2026-05-19
50823,195,8,2025-04-21,462.1,5.33,68.49,Lost,
50824,195,8,2025-10-14,368.84,2.89,44.34,Lost,
50825,195,6,2026-08-07,2562.48,28.44,924.79,Lost,
50826,196,6,2026-07-26,2458.73,26.04,950.18,Won,2026-07-30
50827,196,8,2026-01-04,337.02,3.82,40.9,Lost,
50828,197,10,2025-06-27,3625.87,43.4,1108.91,Won,2025-06-29
50829,197,6,2025-06-23,5035.75,50.28,1846.0,Won,2025-06-28
50830,197,8,2026-05-30,809.5,8.17,89.0,Won,2026-05-31
50831,197,3,2026-05-10,825.24,11.23,195.5,Lost,
50832,199,9,2025-08-27,514.26,5.0,152.79,Lost,
50833,199,6,2025-09-11,4009.53,42.88,1372.32,Lost,
50834,199,4,2025-10-14,429.37,4.93,85.85,Won,2025-10-21
50835,200,4,2025-10-02,534.72,6.23,124.05,Lost,
50836,200,10,2025-04-19,2696.26,32.31,980.1,Lost,
50837,200,7,2026-04-13,5036.65,50.37,1957.27,Won,2026-04-16
50838,200,4,2025-08-08,473.07,5.48,109.22,Won,2025-08-09
50839,200,5,2026-01-12,489.98,6.01,49.82,Won,2026-01-13
50840,200,6,2026-06-25,3180.09,27.54,1108.25,Won,2026-06-30
50841,201,9,2026-08-14,346.45,3.47,93.42,Lost,
50842,201,5,2025-11-02,256.46,2.87,23.67,Lost,
50843,201,10,2025-05-13,1589.2,17.32,653.82,Won,2025-05-18
50844,201,10,2026-01-18,2554.66,28.16,833.12,Won,2026-01-20
50845,203,6,2025-09-02,3151.79,28.0,1356.99,Lost,
50846,203,3,2026-04-08,757.62,10.89,227.42,Won,2026-04-09
50847,203,5,2026-01-29,458.92,5.76,46.76,Won,2026-02-05
50848,203,10,2026-03-09,3009.78,34.88,958.83,Won,2026-03-12
50849,203,10,2025-08-29,2881.46,27.7,1165.81,Won,2025-09-05
50850,203,5,2025-10-23,562.92,6.27,59.82,Expired,
50851,203,10,2025-02-15,3531.79,42.73,1094.83,Won,2025-02-16
50852,203,5,2026-03-27,448.18,5.04,40.22,Expired,
50853,204,8,2026-08-16,384.88,4.21,50.61,Won,2026-08-18
50854,204,9,2026-04-06,281.4,2.75,79.9,Lost,
50855,204,10,2026-08-27,2901.17,32.52,1007.2,Expired,
50856,204,3,2026-06-07,497.65,4.83,119.48,Won,2026-06-09
50857,205,10,2026-03-11,2161.75,23.02,684.94,Won,2026-03-17
50858,205,6,2025-04-18,3951.61,32.21,1203.08,Won,2025-04-25
50859,205,3,2025-08-07,703.51,8.12,177.6,Won,2025-08-13
50860,205,7,2025-08-09,8385.54,80.17,3106.92,Won,2025-08-16
50861,206,10,2025-03-30,1857.89,22.74,678.54,Lost,
50862,206,3,2025-09-21,430.63,5.72,95.35,Won,2025-09-28
50863,206,8,2026-01-27,588.72,6.58,73.47,Won,2026-01-28
50864,207,8,2026-04-05,589.95,6.3,82.54,Lost,
50865,207,3,2025-01-20,808.6,11.11,240.32,Won,2025-01-23
50866,207,7,2026-08-24,7367.96,68.72,2631.53,Won,2026-08-28
50867,207,5,2026-04-01,332.86,4.54,38.95,Won,2026-04-05
50868,207,7,2026-08-25,7458.68,64.55,2631.86,Lost,
50869,207,6,2026-05-30,4761.95,47.14,1866.72,Lost,
50870,208,6,2025-07-24,7277.17,75.55,2564.77,Expired,
50871,208,8,2026-04-10,1120.4,12.88,161.85,Lost,
50872,209,9,2026-07-17,243.71,2.6,56.1,Lost,
50873,209,7,2025-03-08,4001.87,36.25,1642.27,Lost,
50874,209,5,2025-12-21,345.02,3.89,39.5,Expired,
50875,209,8,2026-01-12,406.22,4.5,56.41,Lost,
50876,209,9,2026-02-05,253.02,2.34,76.82,Expired,
50877,210,10,2026-07-28,2397.28,23.06,935.0,Expired,
50878,210,10,2025-11-16,1870.98,20.51,729.29,Won,2025-11-17
50879,210,6,2025-05-03,2456.58,25.88,1002.1,Won,2025-05-05
50880,210,3,2025-04-13,509.81,7.07,167.16,Expired,
50881,211,3,2025-02-24,685.59,7.78,188.4,Won,2025-02-25
50882,211,9,2025-04-03,324.47,2.86,80.01,Won,2025-04-04
50883,211,6,2026-02-27,3902.33,42.75,1664.43,Expired,
50884,211,6,2025-06-29,3131.55,33.42,1120.16,Won,2025-07-04
50885,212,4,2025-09-12,454.56,5.47,98.29,Expired,
50886,212,6,2026-07-15,2895.66,30.45,1082.62,Lost,
50887,212,4,2025-10-26,452.3,5.02,105.17,Lost,
50888,212,9,2026-07-06,379.76,3.46,106.34,Lost,
50889,212,3,2025-09-04,595.57,8.6,151.91,Won,2025-09-09
50890,212,9,2026-06-22,428.14,4.46,125.0,Won,2026-06-25
50891,212,6,2026-06-03,4410.77,45.28,1572.79,Lost,
50892,212,9,2025-07-27,429.54,4.19,120.66,Won,2025-07-28
50893,212,6,2025-05-30,2670.18,27.9,1039.39,Lost,
50894,213,3,2025-10-06,1319.59,17.8,383.73,Won,2025-10-07
50895,213,7,2026-07-21,11556.46,118.75,4001.56,Expired,
50896,214,10,2025-02-19,4228.09,45.25,1576.46,Lost,
50897,214,6,2025-08-18,6648.62,55.95,2887.55,Lost,
50898,214,3,2026-02-17,1158.16,15.35,323.46,Expired,
50899,215,8,2025-05-17,1483.6,14.74,184.37,Expired,
50900,215,8,2026-07-23,1093.99,12.93,163.63,Won,2026-07-30
50901,215,9,2026-07-29,483.84,4.77,135.35,Lost,
50902,215,10,2026-05-24,4098.24,48.91,1507.86,Won,2026-05-26
50903,216,10,2026-04-18,2296.17,23.16,690.64,Won,2026-04-25
50904,216,8,2026-07-02,474.93,4.94,68.53,Won,2026-07-09
50905,217,6,2026-07-21,2754.49,28.17,1099.76,Lost,
50906,217,6,2026-04-27,3410.58,36.34,1219.0,Won,2026-05-04
50907,217,3,2025-11-10,702.54,9.1,187.57,Won,2025-11-16
50908,218,10,2025-10-28,4159.57,46.22,1274.97,Won,2025-11-01
50909,218,3,2026-02-03,834.82,9.51,239.43,Expired,
50910,219,3,2025-10-19,763.59,9.14,230.43,Won,2025-10-25
50911,219,3,2025-03-05,842.34,10.65,243.41,Lost,
50912,219,3,2025-03-28,1171.23,14.42,415.01,Won,2025-04-03
50913,219,10,2026-04-20,2930.82,32.28,1039.61,Lost,
50914,219,6,2026-08-23,4565.01,40.31,1250.4,Won,2026-08-25
50915,219,4,2025-10-02,512.88,6.56,94.83,Expired,
50916,219,5,2025-11-10,368.5,4.93,25.25,Lost,
50917,220,8,2026-04-07,492.81,5.8,74.39,Expired,
50918,220,10,2026-07-13,2843.51,34.77,950.67,Lost,
50919,220,6,2026-08-10,4023.91,40.92,1211.62,Won,2026-08-17
50920,220,8,2026-08-01,745.06,8.96,101.99,Lost,
50921,221,6,2026-04-20,6963.28,74.68,2367.62,Lost,
50922,221,7,2026-05-29,11168.41,113.55,3907.25,Lost,
50923,221,9,2025-03-11,466.75,4.45,154.6,Won,2025-03-16
50924,221,6,2025-06-11,6463.31,62.93,2461.68,Won,2025-06-17
50925,221,10,2025-08-13,3736.01,41.93,1481.64,Lost,
50926,222,3,2025-03-28,727.56,9.31,211.42,Lost,
50927,222,8,2026-06-06,666.24,7.19,71.22,Won,2026-06-11
50928,222,3,2025-10-16,657.86,9.96,213.29,Lost,
50929,222,3,2025-08-26,847.27,10.41,235.58,Lost,
50930,222,9,2026-04-23,286.53,2.44,67.12,Won,2026-04-29
50931,222,5,2025-12-27,455.78,5.58,43.95,Won,2025-12-30
50932,222,5,2025-12-24,364.86,4.93,35.35,Won,2025-12-29
50933,223,4,2026-08-27,407.45,5.06,106.39,Won,2026-09-02
50934,223,6,2025-01-16,1949.48,18.78,675.38,Lost,
50935,224,4,2025-09-30,331.19,4.0,73.61,Lost,
50936,225,3,2025-08-19,623.46,8.65,167.83,Won,2025-08-20
50937,226,7,2025-05-28,8462.4,81.29,3423.39,Lost,
50938,226,8,2025-09-01,906.24,9.11,93.62,Lost,
50939,226,4,2026-06-12,485.7,5.63,124.12,Lost,
50940,226,3,2025-04-27,508.66,6.79,137.05,Won,2025-04-28
50941,227,6,2025-11-21,3365.32,33.76,1215.82,Lost,
50942,227,7,2025-09-06,4957.25,44.78,1745.15,Lost,
50943,228,3,2026-05-09,549.87,6.85,122.97,Won,2026-05-16
50944,228,10,2025-06-13,3449.29,42.13,1174.43,Lost,
50945,228,6,2025-03-10,3151.03,29.52,1178.29,Won,2025-03-14
50946,228,6,2026-07-30,3915.85,46.74,1489.78,Won,2026-08-01
50947,228,6,2026-08-26,2825.68,28.16,1153.72,Lost,
50948,228,4,2026-08-30,611.93,7.98,134.11,Won,2026-09-01
50949,228,5,2025-10-16,558.43,6.77,50.94,Lost,
50950,228,4,2025-09-02,502.96,6.33,115.01,Won,2025-09-07
50951,229,9,2026-07-01,201.03,1.88,57.2,Won,2026-07-06
50952,229,7,2025-09-09,5755.27,52.05,1877.52,Won,2025-09-14
50953,229,4,2025-08-30,505.8,5.67,102.15,Won,2025-08-31
50954,229,10,2026-07-18,1604.58,15.51,580.5,Won,2026-07-22
50955,229,3,2025-04-25,394.75,4.41,100.66,Won,2025-05-02
50956,229,5,2026-04-15,350.18,4.29,31.97,Won,2026-04-16
50957,230,5,2025-11-09,561.33,7.45,50.46,Expired,
50958,230,6,2025-04-01,7901.99,85.69,2657.34,Lost,
50959,230,9,2025-06-17,819.26,8.27,221.03,Won,2025-06-18
50960,230,10,2025-05-26,4025.09,42.74,1357.75,Expired,
50961,231,3,2026-06-06,827.96,11.29,239.32,Lost,
50962,231,6,2025-04-19,3871.88,37.43,1481.69,Won,2025-04-25
50963,231,9,2025-05-20,320.9,2.94,71.84,Expired,
50964,232,6,2026-08-12,2823.26,27.07,1009.88,Lost,
50965,232,10,2026-05-06,1643.35,17.51,465.58,Won,2026-05-12
50966,232,4,2025-09-07,332.44,4.11,78.76,Won,2025-09-10
50967,232,4,2025-11-09,474.76,5.51,117.15,Won,2025-11-10
50968,232,6,2025-09-06,3132.65,24.92,1145.23,Lost,
50969,232,7,2025-04-28,5531.26,52.87,2270.91,Won,2025-04-30
50970,233,3,2026-04-27,635.89,7.82,175.14,Won,2026-04-30
50971,233,4,2025-09-24,584.01,7.14,119.1,Expired,
50972,233,5,2025-11-27,408.39,5.37,40.25,Lost,
50973,233,4,2025-09-07,370.86,4.03,88.15,Won,2025-09-09
50974,233,5,2025-12-03,364.14,4.85,35.22,Won,2025-12-09
50975,234,7,2026-07-22,6290.54,56.84,2299.15,Lost,
50976,234,3,2026-05-06,498.73,5.91,103.39,Won,2026-05-08
50977,234,10,2025-09-16,2241.98,23.47,704.06,Won,2025-09-20
50978,234,10,2026-01-25,2531.28,26.86,960.51,Lost,
50979,234,4,2025-10-19,414.16,5.25,86.98,Won,2025-10-22
50980,234,5,2025-12-11,302.38,3.71,28.27,Won,2025-12-17
50981,235,6,2025-07-01,3633.18,37.18,1465.06,Lost,
50982,235,9,2026-08-24,317.63,2.62,69.35,Won,2026-08-28
50983,235,6,2025-05-31,2056.64,20.5,739.23,Lost,
50984,235,8,2025-04-16,349.04,3.81,46.12,Won,2025-04-23
50985,235,3,2026-05-26,464.05,6.73,120.6,Lost,
50986,235,3,2026-01-04,539.81,5.99,137.65,Won,2026-01-05
50987,235,9,2025-05-01,205.75,2.07,54.85,Expired,
50988,235,4,2025-10-02,383.42,4.21,80.77,Won,2025-10-09
50989,235,4,2025-09-02,341.94,3.92,86.74,Won,2025-09-08
50990,236,5,2025-10-06,628.03,8.7,58.43,Lost,
50991,236,3,2026-03-25,950.18,13.79,278.96,Won,2026-03-26
50992,236,6,2025-07-03,5909.11,60.69,2118.34,Lost,
50993,236,4,2025-09-01,729.62,8.73,178.59,Lost,
50994,236,3,2025-08-23,1227.46,13.16,301.59,Lost,
50995,236,6,2025-10-11,6643.88,65.54,2093.37,Won,2025-10-14
50996,236,6,2026-06-23,7551.14,64.19,2833.95,Lost,
50997,236,10,2025-10-19,4876.82,56.3,1551.15,Won,2025-10-23
50998,236,6,2025-01-27,6867.85,70.16,2203.15,Lost,
50999,237,10,2025-06-22,2199.62,22.33,756.7,Lost,
51000,237,5,2025-12-11,349.01,4.25,42.13,Won,2025-12-12
51001,237,10,2025-03-02,2805.59,27.95,702.09,Lost,
51002,237,7,2025-04-04,8556.28,84.24,3514.9,Won,2025-04-07
51003,238,5,2025-10-23,249.85,3.05,25.57,Lost,
51004,238,3,2026-03-30,579.02,6.39,181.29,Won,2026-04-03
51005,238,4,2025-10-03,386.51,4.48,89.24,Won,2025-10-08
51006,239,9,2026-07-26,307.02,2.56,85.23,Won,2026-08-01
51007,239,4,2025-09-02,331.28,4.0,77.58,Lost,
51008,239,3,2026-08-01,699.52,9.75,196.27,Won,2026-08-08
51009,239,3,2025-03-20,570.85,7.35,160.35,Lost,
51010,240,6,2026-07-16,2707.62,24.85,902.25,Won,2026-07-18
51011,240,9,2025-08-05,237.39,2.0,52.72,Won,2025-08-12
51012,240,6,2025-05-09,2784.35,30.31,923.39,Lost,
51013,240,6,2026-06-29,2539.49,24.44,948.3,Lost,
51014,241,5,2025-10-30,343.24,4.25,34.97,Lost,
51015,241,10,2025-05-03,1281.2,13.73,391.24,Won,2025-05-04
51016,241,3,2025-09-06,546.08,6.98,174.98,Won,2025-09-09
51017,241,10,2025-06-29,2360.06,28.62,904.76,Expired,
51018,241,8,2025-05-18,446.28,4.21,56.19,Lost,
51019,241,3,2026-04-04,621.73,9.12,164.03,Won,2026-04-05
51020,242,10,2025-09-11,2479.23,30.99,881.92,Lost,
51021,242,9,2025-04-29,345.64,3.52,100.92,Lost,
51022,242,8,2026-06-03,468.09,5.29,53.75,Won,2026-06-09
51023,242,10,2025-05-26,3920.06,41.55,1192.06,Lost,
51024,242,10,2026-08-24,2285.76,25.21,774.56,Won,2026-08-30
51025,242,6,2025-10-04,3770.32,38.61,1380.19,Lost,
51026,243,3,2025-04-05,539.44,7.1,132.24,Won,2025-04-06
51027,244,5,2025-11-07,282.87,3.62,31.25,Won,2025-11-08
51028,244,3,2026-05-05,525.53,6.52,121.75,Won,2026-05-10
51029,244,6,2025-09-09,2448.4,21.01,817.3,Won,2025-09-11
51030,245,3,2026-04-27,850.52,9.21,239.78,Lost,
51031,245,10,2026-01-01,2250.99,23.79,776.87,Won,2026-01-03
51032,245,6,2025-11-28,3792.57,35.25,1269.68,Lost,
51033,246,3,2025-05-18,535.08,6.7,135.09,Won,2025-05-25
51034,246,3,2025-02-19,773.24,9.38,216.09,Lost,
51035,247,5,2025-02-16,466.53,6.33,40.45,Lost,
51036,247,10,2025-07-15,2247.03,24.48,886.58,Won,2025-07-18
51037,247,3,2025-11-06,728.88,11.49,194.91,Won,2025-11-07
51038,247,10,2026-07-14,2947.0,38.69,1106.58,Lost,
51039,247,9,2025-08-08,342.97,3.64,104.97,Lost,
51040,248,10,2025-09-19,4281.39,37.0,1430.77,Lost,
51041,248,6,2025-02-18,5136.88,54.78,1713.85,Lost,
51042,248,9,2025-07-26,703.07,7.6,155.31,Expired,
51043,248,3,2026-03-15,1534.44,21.54,478.15,Lost,
51044,249,6,2025-05-14,4646.92,39.88,1504.18,Lost,
51045,249,10,2026-03-10,2488.6,29.61,819.68,Expired,
51046,249,3,2026-05-15,627.11,7.63,205.62,Won,2026-05-16
51047,249,6,2026-05-12,3737.59,36.47,1546.06,Lost,
51048,249,5,2025-11-12,344.55,4.67,35.55,Expired,
51049,249,10,2025-05-13,3590.64,43.61,1046.84,Won,2025-05-16
51050,249,9,2025-07-13,432.08,4.49,106.53,Won,2025-07-15
51051,251,3,2026-05-05,739.91,9.92,206.35,Won,2026-05-06
51052,251,8,2025-03-18,391.79,4.33,47.66,Lost,
51053,251,10,2026-01-08,1863.29,18.67,574.23,Won,2026-01-15
51054,251,7,2025-04-18,4598.66,37.41,1767.17,Lost,
51055,251,4,2025-10-03,381.8,4.07,85.64,Won,2025-10-05
51056,251,10,2025-07-19,2628.41,28.54,970.88,Won,2025-07-20
51057,251,6,2026-04-22,3222.04,30.94,1092.44,Lost,
51058,252,8,2025-04-12,394.72,4.59,51.87,Won,2025-04-15
51059,252,3,2025-04-07,582.17,8.04,154.63,Expired,
51060,252,6,2025-06-24,2340.95,21.69,813.22,Lost,
51061,253,3,2025-05-16,648.62,7.21,151.94,Lost,
51062,253,10,2026-07-30,2949.98,33.91,1209.49,Expired,
51063,253,9,2026-06-10,336.86,3.24,78.61,Won,2026-06-16
51064,254,4,2025-07-28,583.22,6.67,125.17,Won,2025-08-03
51065,254,5,2025-12-17,465.17,5.34,53.09,Won,2025-12-24
51066,254,6,2026-04-03,3505.17,33.35,1313.02,Won,2026-04-09
51067,254,3,2025-10-19,800.21,10.55,228.04,Lost,
51068,255,8,2026-05-12,410.57,3.65,53.15,Lost,
51069,255,8,2025-07-15,518.09,5.57,77.01,Won,2025-07-20
51070,255,6,2025-05-17,2962.11,27.3,912.99,Won,2025-05-19
51071,255,8,2026-05-31,465.36,5.38,57.46,Expired,
51072,255,5,2025-11-07,253.98,2.97,26.11,Won,2025-11-10
51073,256,6,2025-02-11,2613.5,25.93,1002.83,Lost,
51074,256,7,2025-08-30,4417.98,35.96,1755.19,Won,2025-09-05
51075,256,3,2026-05-05,556.43,6.61,142.52,Won,2026-05-07
51076,257,6,2025-04-14,2312.03,23.32,683.99,Won,2025-04-20
51077,258,8,2026-03-18,694.16,7.54,98.02,Won,2026-03-25
51078,258,4,2025-09-28,589.19,6.31,117.29,Won,2025-09-30
51079,258,3,2025-03-20,712.08,9.09,153.87,Lost,
51080,259,3,2025-06-26,1018.63,13.61,274.55,Lost,
51081,259,8,2025-10-10,893.48,8.35,126.02,Won,2025-10-13
51082,259,7,2026-03-19,11989.94,113.59,3737.51,Expired,
51083,259,6,2026-05-13,4560.31,47.73,1514.14,Won,2026-05-18
51084,259,8,2025-06-22,1030.37,10.5,107.3,Lost,
51085,260,4,2025-08-22,826.07,8.43,176.81,Won,2025-08-28
51086,260,7,2026-04-10,9959.6,101.49,4056.61,Expired,
51087,260,9,2025-10-30,509.28,4.06,130.54,Won,2025-11-06
51088,260,8,2026-05-14,1212.08,12.79,156.37,Won,2026-05-16
51089,260,6,2026-02-26,6733.27,67.12,1973.41,Won,2026-03-04
51090,260,10,2026-03-07,4672.84,51.68,1402.17,Won,2026-03-13
51091,261,5,2025-01-03,241.4,3.07,26.34,Won,2025-01-06
51092,261,9,2025-08-07,249.6,2.28,65.18,Won,2025-08-13
51093,261,10,2025-08-30,1996.2,21.78,687.58,Won,2025-09-04
51094,261,7,2025-05-05,3904.81,35.6,1284.4,Expired,
51095,262,7,2025-12-31,8009.01,73.47,2975.31,Won,2026-01-04
51096,262,6,2025-09-11,4623.04,44.87,1869.48,Won,2025-09-18
51097,262,7,2025-07-10,10445.71,89.58,3892.75,Expired,
51098,262,6,2025-09-30,2882.58,29.12,1021.17,Won,2025-10-07
51099,262,9,2025-04-07,388.42,3.77,92.67,Lost,
51100,263,9,2026-08-26,170.21,1.53,47.15,Won,2026-08-30
51101,264,8,2026-05-29,537.1,5.68,77.91,Lost,
51102,264,6,2025-06-20,2865.25,29.21,1025.85,Expired,
51103,264,3,2025-03-07,566.72,6.91,150.09,Lost,
51104,265,4,2025-09-06,615.42,7.12,161.23,Lost,
51105,266,7,2025-05-22,6577.59,55.06,2515.54,Won,2025-05-23
51106,266,4,2025-10-21,389.12,4.08,69.65,Won,2025-10-25
51107,267,4,2025-10-20,768.72,8.94,167.41,Won,2025-10-27
51108,267,6,2025-10-22,6283.05,64.1,2526.4,Lost,
51109,267,4,2025-10-15,674.0,7.44,127.19,Won,2025-10-21
51110,267,5,2025-01-04,580.69,7.4,67.42,Won,2025-01-06
51111,268,4,2026-08-19,335.12,3.45,78.43,Won,2026-08-26
51112,268,4,2025-10-21,330.54,3.93,68.15,Won,2025-10-23
51113,268,6,2025-04-21,3791.37,41.14,1405.56,Expired,
51114,268,5,2026-01-22,315.93,3.49,30.98,Lost,
51115,269,6,2025-10-13,2772.61,25.96,1097.5,Lost,
51116,269,8,2025-08-02,344.47,3.5,44.2,Won,2025-08-07
51117,270,5,2025-12-19,299.68,4.08,26.36,Won,2025-12-23
51118,270,3,2025-03-08,498.92,7.27,146.34,Lost,
51119,270,7,2026-06-23,6641.35,61.96,2385.26,Won,2026-06-28
51120,270,3,2026-07-10,550.31,6.76,168.68,Won,2026-07-17
51121,270,4,2025-08-01,503.91,5.52,119.63,Won,2025-08-06
51122,271,6,2025-10-29,2578.24,28.06,848.21,Won,2025-11-02
51123,271,4,2025-08-14,329.57,4.39,67.39,Expired,
51124,271,9,2026-04-21,221.22,1.8,61.01,Won,2026-04-28
51125,272,3,2026-03-19,709.18,8.69,197.62,Won,2026-03-22
51126,272,3,2025-09-04,781.03,9.99,201.74,Won,2025-09-09
51127,272,3,2025-05-13,629.46,8.64,167.93,Won,2025-05-20
51128,273,9,2025-03-24,327.7,2.75,104.75,Lost,
51129,273,4,2025-08-28,291.53,3.25,70.81,Won,2025-09-02
51130,273,10,2026-02-22,2175.65,22.09,626.74,Won,2026-03-01
51131,274,9,2025-10-25,434.67,4.14,92.89,Won,2025-11-01
51132,274,8,2025-05-05,645.09,6.21,90.35,Won,2025-05-12
51133,274,7,2025-04-09,9953.12,91.27,4234.69,Lost,
51134,275,6,2025-10-08,2759.48,33.13,997.4,Lost,
51135,275,7,2026-05-05,4980.68,46.12,2062.05,Won,2026-05-06
51136,275,10,2025-05-08,1576.51,17.06,568.98,Expired,
51137,275,10,2025-05-01,1911.86,21.95,802.03,Expired,
51138,275,6,2025-08-28,3419.77,30.16,1314.51,Won,2025-08-30
51139,276,3,2025-11-05,766.83,10.85,215.33,Lost,
51140,276,3,2026-04-08,748.47,9.53,188.78,Won,2026-04-15
51141,276,5,2025-11-05,312.32,4.29,31.03,Won,2025-11-11
51142,276,8,2025-01-14,622.8,7.32,78.28,Lost,
51143,276,6,2026-02-04,3570.61,36.28,1276.46,Expired,
51144,276,3,2025-10-18,695.06,8.77,201.41,Lost,
51145,277,8,2025-04-16,459.18,5.19,58.15,Lost,
51146,277,5,2025-10-25,321.05,3.92,37.03,Won,2025-10-27
51147,277,6,2026-06-11,2311.83,24.8,879.64,Won,2026-06-14
51148,278,6,2026-06-23,2568.65,24.36,968.71,Lost,
51149,278,7,2026-05-31,6444.45,63.32,2208.36,Won,2026-06-02
51150,279,9,2026-06-25,203.04,1.91,56.82,Lost,
51151,279,4,2026-04-15,439.87,5.24,97.92,Won,2026-04-21
51152,279,10,2026-06-21,2444.28,27.19,895.43,Expired,
51153,279,5,2025-09-27,352.34,4.86,34.97,Won,2025-09-28
51154,280,4,2026-08-30,420.28,4.84,90.16,Won,2026-09-05
51155,280,6,2025-06-30,3313.99,33.08,1329.82,Won,2025-07-07
51156,280,9,2025-04-18,316.89,2.78,90.51,Lost,
51157,280,5,2025-11-03,294.55,3.52,28.8,Won,2025-11-04
51158,280,7,2026-04-04,4414.24,39.75,1632.74,Won,2026-04-07
51159,280,10,2025-09-05,2119.9,25.69,565.44,Won,2025-09-10
51160,280,9,2026-05-19,311.02,2.62,83.67,Lost,
51161,281,8,2025-07-25,419.77,5.17,52.08,Lost,
51162,281,6,2025-03-25,3126.1,29.67,1045.22,Lost,
51163,282,3,2025-05-31,1253.18,16.51,336.95,Lost,
51164,282,5,2025-01-04,690.34,7.65,62.07,Lost,
51165,282,3,2026-04-03,1149.92,15.24,299.67,Lost,
51166,282,6,2026-04-04,5552.73,56.81,2085.28,Won,2026-04-08
51167,283,4,2025-08-10,724.49,7.79,187.73,Won,2025-08-15
51168,283,8,2026-08-02,991.42,10.33,101.89,Lost,
51169,283,10,2025-05-25,4328.0,43.35,1361.4,Won,2025-05-29
51170,283,7,2026-08-03,9302.09,82.42,3472.52,Won,2026-08-06
51171,283,5,2025-10-05,595.49,6.74,63.58,Won,2025-10-12
51172,283,5,2025-11-06,609.04,7.21,56.53,Won,2025-11-11
51173,283,4,2025-10-17,869.85,10.56,201.89,Lost,
51174,283,3,2026-01-18,1189.5,13.99,338.96,Won,2026-01-19
51175,284,6,2026-07-29,2974.43,34.84,1146.29,Lost,
51176,284,6,2025-11-23,2789.35,31.1,1015.94,Lost,
51177,285,6,2025-10-29,3855.5,46.55,1188.86,Expired,
51178,285,6,2025-09-28,3854.62,38.97,1449.5,Won,2025-10-05
51179,286,8,2026-06-21,584.97,6.97,75.21,Won,2026-06-27
51180,286,8,2026-08-29,363.48,4.36,48.11,Lost,
51181,286,3,2025-08-24,779.87,10.76,233.65,Expired,
51182,286,9,2025-09-14,260.38,2.47,68.87,Won,2025-09-15
51183,286,6,2025-03-22,3292.43,30.36,997.71,Won,2025-03-23
51184,286,8,2025-03-10,410.88,4.83,59.09,Won,2025-03-15
51185,286,6,2025-04-25,2272.19,23.4,878.7,Won,2025-05-01
51186,287,8,2026-04-10,435.0,4.56,62.39,Lost,
51187,287,10,2026-06-22,1695.51,18.94,548.15,Won,2026-06-27
51188,287,6,2025-10-03,3312.27,37.14,1222.83,Won,2025-10-10
51189,288,8,2025-12-21,607.21,7.32,78.24,Won,2025-12-26
51190,288,4,2025-09-02,306.67,3.59,68.87,Expired,
51191,288,8,2025-10-19,490.64,5.13,51.93,Expired,
51192,288,8,2026-04-16,428.22,4.95,52.44,Lost,
51193,288,4,2025-09-20,283.26,3.45,59.98,Lost,
51194,289,10,2025-09-18,1497.83,17.5,549.02,Lost,
51195,289,8,2026-05-29,597.04,7.23,70.6,Won,2026-05-30
51196,290,5,2025-05-06,311.34,3.8,28.78,Won,2025-05-09
51197,290,3,2026-05-30,533.98,7.01,137.73,Won,2026-06-03
51198,290,8,2025-04-26,535.36,4.94,66.15,Won,2025-05-02
51199,291,7,2025-06-11,8270.02,85.22,2960.96,Won,2025-06-12
51200,291,10,2025-09-06,1742.85,15.88,573.73,Won,2025-09-10
51201,293,4,2026-08-11,302.03,3.49,71.51,Won,2026-08-13
51202,293,8,2025-07-31,499.36,5.79,67.59,Lost,
51203,293,7,2026-05-26,6241.44,61.72,2318.37,Won,2026-05-30
51204,293,10,2025-03-21,2446.97,26.63,793.03,Lost,
51205,294,7,2026-07-10,12102.62,128.81,4650.66,Won,2026-07-12
51206,294,4,2025-09-16,791.46,8.03,181.62,Lost,
51207,294,3,2026-04-09,932.96,12.71,261.63,Won,2026-04-14
51208,294,4,2025-09-23,458.52,5.55,92.06,Won,2025-09-26
51209,294,6,2025-09-02,4471.94,40.01,1656.9,Won,2025-09-03
51210,294,8,2026-03-10,806.92,9.46,101.19,Expired,
51211,294,4,2025-09-18,719.33,9.57,163.97,Won,2025-09-21
51212,295,6,2025-04-01,4077.98,44.35,1450.29,Expired,
51213,295,5,2025-01-23,427.35,5.81,40.64,Won,2025-01-30
51214,295,8,2025-09-01,556.67,5.76,82.75,Won,2025-09-07
51215,295,3,2026-05-25,610.97,8.42,190.7,Lost,
51216,295,7,2026-05-04,7976.73,80.77,2841.2,Won,2026-05-05
51217,295,6,2025-08-23,3627.77,39.49,1063.33,Expired,
51218,295,7,2025-09-18,7438.54,79.34,2573.09,Won,2025-09-22
51219,296,10,2026-08-10,1739.28,19.38,525.18,Expired,
51220,296,9,2026-04-19,448.77,4.2,109.41,Expired,
51221,296,7,2026-05-10,5494.62,58.51,2098.86,Won,2026-05-14
51222,297,5,2025-11-11,599.94,7.98,68.14,Won,2025-11-14
51223,297,6,2025-06-10,4914.62,51.13,1851.98,Lost,
51224,297,5,2025-11-03,538.43,6.97,59.74,Won,2025-11-08
51225,297,3,2026-08-16,963.69,12.38,229.81,Won,2026-08-21
51226,297,10,2025-03-14,5249.24,54.76,1980.27,Lost,
51227,298,4,2025-09-14,303.53,3.55,60.78,Won,2025-09-20
51228,298,6,2025-10-21,2631.83,27.78,876.17,Won,2025-10-25
51229,298,5,2025-11-06,277.35,3.46,31.37,Won,2025-11-08
51230,298,5,2025-01-07,246.82,3.51,25.64,Lost,
51231,298,8,2025-07-28,371.42,3.96,53.95,Won,2025-08-04
51232,299,4,2026-06-21,351.63,3.85,67.07,Won,2026-06-28
51233,299,3,2025-05-18,513.2,6.63,165.18,Lost,
51234,299,6,2026-05-01,2602.08,24.85,1134.01,Lost,
51235,301,8,2026-06-02,606.88,6.57,85.16,Won,2026-06-04
51236,301,5,2025-10-02,445.7,6.48,42.28,Won,2025-10-05
51237,301,4,2026-08-22,722.87,8.63,123.94,Lost,
51238,302,10,2025-09-30,4402.31,39.16,1521.93,Won,2025-10-03
51239,302,10,2025-04-29,3391.86,38.32,1320.2,Expired,
51240,302,4,2025-07-19,744.68,8.12,165.22,Lost,
51241,302,8,2026-05-03,1283.06,13.09,155.37,Won,2026-05-10
51242,303,6,2026-03-06,3126.26,29.44,948.35,Lost,
51243,304,3,2025-06-15,904.0,11.23,263.91,Won,2025-06-16
51244,304,6,2025-05-22,5240.09,50.09,2003.82,Lost,
51245,304,10,2025-09-02,5018.79,49.55,1673.86,Expired,
51246,304,5,2025-12-26,633.78,7.28,60.56,Won,2025-12-28
51247,304,8,2026-02-23,1040.93,11.8,140.23,Won,2026-02-24
51248,305,7,2025-04-30,8458.82,72.86,3241.74,Lost,
51249,305,9,2025-08-26,289.02,2.59,90.13,Won,2025-08-28
51250,305,3,2025-06-20,532.55,6.75,133.95,Expired,
51251,305,6,2025-06-22,2579.54,24.55,969.21,Won,2025-06-29
51252,306,5,2026-04-29,310.06,3.77,26.95,Lost,
51253,306,8,2025-08-31,353.51,4.36,44.28,Expired,
51254,306,8,2026-04-24,407.32,4.52,59.91,Won,2026-05-01
51255,306,8,2025-03-20,475.99,5.35,65.34,Won,2025-03-25
51256,307,3,2025-10-19,925.39,11.65,292.74,Won,2025-10-22
51257,307,4,2025-11-21,353.25,4.48,71.23,Won,2025-11-22
51258,307,8,2025-03-25,536.17,5.66,76.66,Expired,
51259,307,8,2025-08-23,412.95,4.55,60.83,Won,2025-08-24
51260,308,6,2025-06-19,2954.7,29.25,1033.56,Won,2025-06-25
51261,308,10,2026-01-20,2638.1,27.4,929.16,Won,2026-01-24
51262,308,3,2025-04-25,711.84,8.42,184.38,Expired,
51263,308,10,2025-07-23,2271.02,23.88,699.08,Expired,
51264,308,8,2025-06-27,390.6,3.97,47.43,Won,2025-06-29
51265,308,3,2025-10-01,622.54,8.92,175.1,Lost,
51266,308,7,2026-08-16,6402.57,56.58,2750.41,Won,2026-08-22
51267,309,10,2025-02-21,1486.69,16.51,546.83,Lost,
51268,309,4,2025-09-13,377.07,3.95,65.65,Won,2025-09-18
51269,309,9,2026-07-09,229.33,1.98,69.38,Expired,
51270,309,9,2026-05-17,236.4,2.19,73.11,Won,2026-05-24
51271,310,6,2025-07-24,2864.86,30.86,999.68,Expired,
51272,310,7,2026-08-04,6704.84,57.47,2345.26,Won,2026-08-06
51273,310,6,2025-03-11,3396.82,35.12,1194.62,Won,2025-03-15
51274,310,9,2025-12-29,299.31,2.59,82.26,Expired,
51275,311,10,2026-07-06,3992.56,40.52,1144.51,Lost,
51276,312,8,2026-04-09,1177.4,11.8,164.32,Won,2026-04-11
51277,312,5,2025-11-10,858.18,7.7,82.59,Won,2025-11-15
51278,312,6,2025-07-21,7546.89,68.62,2487.41,Lost,
51279,312,6,2025-01-09,6799.3,57.63,2688.89,Won,2025-01-12
51280,312,9,2026-07-15,711.45,6.56,187.24,Won,2026-07-17
51281,313,5,2025-10-19,413.66,4.54,48.63,Won,2025-10-22
51282,313,7,2025-04-07,11474.53,94.06,3906.12,Expired,
51283,313,6,2025-10-01,5922.46,63.12,1939.48,Won,2025-10-07
51284,313,10,2025-07-11,4162.68,50.47,1613.53,Won,2025-07-15
51285,313,7,2026-08-28,10541.57,86.21,3948.15,Expired,
51286,314,3,2026-02-09,831.01,10.71,221.54,Expired,
51287,314,8,2026-05-23,553.54,5.78,69.1,Lost,
51288,314,9,2025-06-06,426.18,4.11,111.67,Lost,
51289,314,10,2026-03-12,1687.91,18.89,565.11,Won,2026-03-19
51290,314,10,2026-08-31,4458.11,49.64,1734.57,Won,2026-09-01
51291,314,10,2026-05-20,2854.18,35.75,1003.54,Won,2026-05-25
51292,315,8,2026-05-20,555.64,7.6,72.36,Won,2026-05-26
51293,315,10,2025-04-27,2002.35,23.01,734.18,Won,2025-05-04
51294,315,5,2025-12-11,229.55,2.85,22.05,Won,2025-12-18
51295,315,3,2025-05-09,461.04,5.76,107.4,Won,2025-05-13
51296,315,3,2025-04-01,419.32,4.8,124.04,Won,2025-04-03
51297,315,10,2025-04-22,1856.04,21.02,702.34,Won,2025-04-24
51298,315,10,2026-05-29,1997.07,18.52,664.29,Won,2026-06-01
51299,315,10,2025-03-08,1846.0,21.55,649.09,Won,2025-03-10
51300,316,5,2025-11-02,488.34,5.81,55.26,Lost,
51301,316,7,2026-04-24,9734.02,88.37,3992.7,Lost,
51302,316,3,2026-03-17,690.96,8.89,167.6,Lost,
51303,316,10,2026-07-12,4584.72,50.33,1865.43,Won,2026-07-15
51304,316,10,2025-07-23,4192.94,46.38,1430.29,Lost,
51305,317,10,2026-06-18,3320.85,34.08,1241.24,Lost,
51306,317,10,2025-07-05,2188.11,22.02,732.99,Lost,
51307,318,4,2025-10-04,411.23,4.35,91.91,Won,2025-10-09
51308,318,6,2025-07-11,2775.03,25.69,969.6,Expired,
51309,318,4,2026-05-04,449.08,5.88,93.39,Lost,
51310,318,8,2025-04-14,333.75,3.91,41.56,Won,2025-04-20
51311,319,7,2025-11-11,6826.42,67.55,2405.08,Lost,
51312,320,3,2025-06-09,659.45,9.26,166.3,Expired,
51313,320,3,2025-10-30,883.13,9.61,231.43,Won,2025-11-04
51314,320,10,2026-07-12,3069.01,28.02,1203.98,Lost,
51315,321,5,2025-11-26,317.17,3.56,31.5,Won,2025-11-30
51316,322,10,2025-08-23,4595.24,43.89,1450.72,Lost,
51317,322,6,2026-05-06,5841.27,58.38,1955.4,Won,2026-05-13
51318,322,6,2026-04-26,8015.04,79.34,2851.27,Lost,
51319,322,3,2026-03-22,937.96,12.22,262.56,Won,2026-03-29
51320,323,10,2026-02-15,3002.91,29.56,1102.38,Won,2026-02-16
51321,323,8,2026-01-16,487.4,5.55,58.85,Won,2026-01-21
51322,323,5,2025-12-05,360.91,4.59,37.3,Won,2025-12-06
51323,323,6,2026-02-17,3231.24,37.76,1387.73,Won,2026-02-23
51324,323,3,2025-07-29,903.99,12.76,206.31,Won,2025-08-03
51325,323,10,2025-09-10,1981.87,21.82,684.9,Won,2025-09-15
51326,323,10,2025-04-09,2918.48,31.57,1269.69,Lost,
51327,323,3,2025-11-18,567.29,6.81,151.26,Won,2025-11-21
51328,324,10,2025-03-26,2390.66,26.12,903.52,Lost,
51329,324,9,2025-05-06,195.87,1.83,53.06,Won,2025-05-08
51330,324,6,2025-04-30,4323.89,45.07,1506.57,Lost,
51331,324,6,2025-03-10,3240.57,33.15,1240.99,Won,2025-03-16
51332,325,8,2025-10-03,489.48,6.22,51.04,Won,2025-10-10
51333,325,3,2025-05-07,487.51,6.61,148.91,Won,2025-05-08
51334,326,7,2026-07-05,5792.82,52.27,2220.63,Lost,
51335,326,4,2026-08-13,364.27,3.68,85.75,Lost,
51336,326,4,2025-11-26,366.25,4.76,72.49,Won,2025-11-28
51337,326,7,2026-04-03,7518.78,71.03,2997.28,Won,2026-04-07
51338,326,3,2025-05-09,621.05,8.21,171.25,Won,2025-05-11
51339,327,4,2026-08-18,1046.94,11.99,218.62,Won,2026-08-23
51340,327,3,2025-05-23,964.99,11.86,313.81,Expired,
51341,327,5,2025-11-25,440.77,4.88,40.19,Expired,
51342,327,8,2025-08-24,910.47,10.92,123.36,Lost,
51343,327,10,2025-05-01,4591.26,50.92,1360.0,Won,2025-05-02
51344,328,8,2025-01-18,492.65,5.77,69.84,Won,2025-01-21
51345,328,9,2025-09-13,249.15,2.45,80.15,Won,2025-09-20
51346,329,4,2026-07-25,571.74,7.4,130.21,Lost,
51347,329,9,2026-04-04,336.4,3.32,95.63,Won,2026-04-09
51348,329,6,2025-09-28,3243.17,33.22,1182.09,Expired,
51349,329,8,2026-08-09,748.15,8.12,97.97,Won,2026-08-10
51350,329,4,2026-04-28,345.61,3.75,81.11,Won,2026-05-02
51351,329,6,2026-08-01,2776.13,30.69,948.79,Won,2026-08-04
51352,329,10,2025-10-07,1963.7,21.72,756.35,Lost,
51353,329,4,2026-08-15,484.03,5.31,108.86,Won,2026-08-19
51354,329,10,2026-04-23,2391.66,30.36,767.3,Won,2026-04-29
51355,330,3,2025-05-10,565.94,8.6,123.52,Lost,
51356,330,6,2026-05-18,2830.61,27.37,1112.17,Lost,
51357,330,6,2025-08-27,2511.26,25.49,791.1,Expired,
51358,330,10,2025-05-19,1575.92,17.2,568.07,Won,2025-05-25
51359,330,8,2025-04-03,435.79,4.96,55.32,Won,2025-04-06
51360,331,5,2026-01-14,342.33,3.88,23.67,Won,2026-01-19
51361,331,8,2026-04-05,435.94,5.11,62.35,Won,2026-04-11
51362,332,3,2026-03-28,755.05,8.9,168.31,Won,2026-04-02
51363,333,5,2025-01-29,390.57,4.44,30.39,Won,2025-01-31
51364,333,7,2025-07-05,8361.74,90.72,3033.71,Won,2025-07-12
51365,333,3,2025-04-12,505.74,6.96,133.24,Lost,
51366,334,10,2026-04-20,2650.65,30.68,909.1,Lost,
51367,334,3,2026-02-21,516.94,6.44,132.62,Won,2026-02-25
51368,334,10,2026-08-10,1593.65,16.0,515.19,Lost,
51369,334,6,2025-05-14,3023.56,32.03,877.94,Won,2025-05-19
51370,335,8,2026-04-27,456.28,5.08,61.92,Won,2026-04-28
51371,335,7,2025-05-23,5704.13,56.29,2231.44,Lost,
51372,336,5,2025-12-01,412.62,5.31,38.74,Lost,
51373,336,6,2026-06-26,3190.5,33.47,1157.01,Expired,
51374,337,5,2025-12-01,592.3,7.59,52.87,Expired,
51375,337,10,2026-08-24,5340.99,55.6,1541.85,Won,2026-08-27
51376,337,4,2025-09-22,695.49,7.59,156.42,Lost,
51377,337,10,2025-10-20,3785.74,40.96,1527.46,Won,2025-10-26
51378,337,6,2025-11-14,5579.02,47.25,1728.83,Lost,
51379,338,9,2026-04-30,219.04,2.1,58.63,Won,2026-05-06
51380,339,8,2025-07-18,571.92,5.8,79.97,Won,2025-07-22
51381,339,6,2025-03-30,3466.94,32.25,1314.07,Won,2025-04-06
51382,339,7,2025-09-19,6660.05,65.98,2350.99,Lost,
51383,339,5,2025-12-06,348.35,4.85,33.03,Won,2025-12-07
51384,339,5,2025-12-27,361.36,4.46,34.92,Won,2025-12-29
51385,339,9,2026-07-11,244.52,2.49,64.51,Won,2026-07-16
51386,339,9,2026-06-01,372.27,3.86,110.6,Lost,
51387,340,3,2025-03-13,616.25,7.74,165.35,Expired,
51388,340,4,2025-05-01,763.72,8.03,156.56,Expired,
51389,340,3,2026-04-05,676.64,9.32,193.43,Lost,
51390,340,10,2026-06-28,3836.37,37.3,1207.58,Expired,
51391,340,4,2026-07-11,523.72,6.4,115.94,Lost,
51392,341,10,2026-04-10,1737.09,24.05,449.13,Expired,
51393,341,10,2026-04-13,1882.46,20.79,681.34,Lost,
51394,341,3,2026-04-29,526.05,6.89,116.66,Won,2026-05-02
51395,341,6,2026-03-03,2810.1,31.24,1021.49,Won,2026-03-05
51396,341,10,2026-03-18,2122.17,25.92,685.7,Won,2026-03-19
51397,342,8,2025-07-07,363.09,4.26,54.81,Lost,
51398,342,4,2025-09-16,326.73,3.75,67.38,Won,2025-09-19
51399,342,10,2025-06-04,1784.76,20.59,584.2,Lost,
51400,342,7,2026-05-03,5266.43,59.25,2094.04,Won,2026-05-09
51401,342,5,2025-11-08,272.05,3.08,23.9,Lost,
51402,343,7,2026-06-30,6767.21,55.38,2572.21,Won,2026-07-01
51403,343,4,2026-08-02,535.41,6.26,127.97,Won,2026-08-06
51404,343,3,2025-03-04,645.6,8.64,185.62,Won,2025-03-08
51405,343,9,2025-05-15,430.1,4.75,119.64,Won,2025-05-20
51406,344,6,2026-06-19,3176.33,33.67,1178.43,Lost,
51407,344,3,2025-04-27,515.91,7.38,142.87,Lost,
51408,344,4,2025-09-13,410.75,5.13,95.44,Won,2025-09-18
51409,345,3,2025-03-13,357.88,4.79,93.45,Lost,
51410,345,9,2025-04-29,280.85,2.79,76.23,Won,2025-04-30
51411,345,10,2026-05-26,1910.36,24.8,571.25,Lost,
51412,345,8,2025-05-27,492.9,5.21,69.01,Won,2025-05-29
51413,345,3,2026-08-04,638.23,8.69,190.51,Lost,
51414,345,3,2025-05-30,593.0,8.22,172.83,Won,2025-06-03
51415,345,10,2025-06-14,1539.78,16.12,492.28,Lost,
51416,346,6,2025-06-27,3099.15,29.8,890.87,Lost,
51417,346,6,2025-06-17,3117.32,29.64,1445.58,Expired,
51418,346,8,2025-08-07,411.85,4.36,49.12,Won,2025-08-08
51419,346,6,2025-07-15,2134.63,21.76,860.11,Won,2025-07-17
51420,347,5,2025-12-07,363.05,5.09,36.99,Lost,
51421,347,3,2026-03-26,404.0,5.21,112.28,Won,2026-03-29
51422,348,3,2025-07-10,426.09,6.36,118.61,Won,2025-07-12
51423,348,6,2026-07-23,2565.06,26.6,981.85,Won,2026-07-30
51424,348,4,2025-09-23,390.53,4.24,74.8,Won,2025-09-24
51425,348,4,2026-05-09,352.13,4.46,74.06,Won,2026-05-11
51426,348,3,2025-03-09,662.25,7.78,173.7,Lost,
51427,349,3,2025-08-21,1103.92,13.43,289.83,Lost,
51428,349,10,2025-06-24,4681.3,55.53,1570.34,Lost,
51429,349,10,2026-03-24,6097.74,60.55,2066.56,Won,2026-03-26
51430,350,7,2026-03-01,5309.52,48.69,2152.86,Lost,
51431,350,4,2025-09-17,343.24,3.72,75.29,Lost,
51432,351,6,2025-07-25,3126.67,34.36,1241.2,Won,2025-07-27
51433,351,10,2026-08-12,1878.46,22.96,634.3,Won,2026-08-14
51434,351,4,2025-09-24,394.3,4.21,70.93,Won,2025-09-28
51435,351,5,2025-11-03,387.37,4.82,41.45,Won,2025-11-05
51436,351,4,2025-10-17,400.07,5.28,101.53,Lost,
51437,351,10,2025-05-16,1468.67,17.25,491.74,Expired,
51438,351,8,2025-04-01,444.7,5.48,50.22,Won,2025-04-02
51439,352,6,2026-05-13,7755.97,67.36,2917.42,Won,2026-05-19
51440,352,4,2026-05-19,562.58,6.4,125.01,Won,2026-05-21
51441,353,8,2026-07-25,367.21,4.04,60.63,Expired,
51442,353,4,2025-08-11,314.51,4.04,64.46,Won,2025-08-15
51443,353,9,2026-06-17,218.1,1.87,61.56,Lost,
51444,353,10,2025-08-12,2169.04,24.6,804.97,Lost,
51445,354,3,2025-02-10,614.19,7.03,141.71,Won,2025-02-11
51446,354,9,2025-07-03,306.48,2.68,74.57,Won,2025-07-05
51447,354,5,2025-12-20,208.93,2.69,20.1,Won,2025-12-23
51448,354,8,2025-04-30,589.57,6.62,70.17,Lost,
51449,354,4,2026-07-03,349.56,4.39,75.58,Lost,
51450,355,3,2025-05-28,707.56,8.32,195.97,Won,2025-06-01
51451,355,6,2026-08-10,2636.93,25.71,1034.26,Won,2026-08-14
51452,356,8,2026-05-08,413.96,5.27,51.87,Lost,
51453,356,10,2026-05-08,3163.16,33.42,1048.1,Lost,
51454,356,10,2026-02-08,2695.83,28.91,919.69,Won,2026-02-12
51455,357,8,2025-03-03,958.52,10.1,124.65,Expired,
51456,357,9,2026-07-22,337.45,3.45,84.85,Won,2026-07-29
51457,357,3,2026-04-16,641.84,8.25,187.95,Won,2026-04-22
51458,357,4,2025-04-16,471.99,5.39,99.48,Won,2025-04-20
51459,357,7,2026-06-25,5301.17,41.27,1893.64,Lost,
51460,358,4,2026-08-28,243.68,2.78,46.03,Won,2026-09-03
51461,358,10,2026-08-07,2487.45,26.42,1053.54,Lost,
51462,358,6,2025-08-10,2028.58,21.67,764.09,Expired,
51463,358,6,2025-07-05,2528.15,22.87,975.6,Lost,
51464,358,10,2025-04-18,2186.12,25.84,723.19,Won,2025-04-20
51465,358,10,2025-02-03,1530.03,17.42,544.91,Won,2025-02-06
51466,358,5,2025-10-15,230.83,2.57,21.14,Lost,
51467,358,3,2026-05-09,537.14,7.45,158.55,Won,2026-05-11
51468,359,8,2025-03-22,663.71,7.13,80.65,Won,2025-03-29
51469,359,9,2025-05-27,420.45,3.47,114.64,Won,2025-06-01
51470,359,3,2026-06-03,731.3,10.29,224.54,Lost,
51471,359,10,2025-09-26,3137.5,38.92,883.54,Won,2025-09-29
51472,359,3,2026-03-31,730.22,8.51,227.76,Won,2026-04-02
51473,359,9,2026-08-13,320.29,2.9,78.68,Won,2026-08-19
51474,360,5,2025-11-12,332.89,4.04,32.53,Expired,
51475,360,10,2026-08-27,1940.05,22.01,681.68,Won,2026-09-02
51476,360,3,2025-03-05,392.84,4.96,110.23,Expired,
51477,360,5,2026-07-18,314.16,3.86,33.16,Lost,
51478,361,10,2025-05-05,2132.38,22.7,623.67,Won,2025-05-12
51479,361,7,2025-09-23,6555.9,65.61,2442.13,Lost,
51480,361,8,2026-04-02,692.52,7.97,80.42,Lost,
51481,361,7,2025-04-20,5068.56,50.95,1883.71,Expired,
51482,361,7,2025-04-27,6452.63,62.86,2671.26,Expired,
51483,361,3,2025-03-26,431.43,5.87,138.41,Won,2025-03-31
51484,362,6,2025-08-04,3237.55,33.41,1275.07,Won,2025-08-06
51485,362,6,2026-05-03,4510.82,46.58,1511.58,Won,2026-05-06
51486,362,3,2025-05-02,450.18,6.14,124.37,Won,2025-05-06
51487,362,10,2025-12-07,2004.33,18.2,653.47,Won,2025-12-09
51488,364,6,2025-10-05,5752.11,60.66,2171.11,Won,2025-10-06
51489,364,10,2025-01-14,4116.6,54.83,1281.44,Lost,
51490,364,8,2025-08-12,843.28,10.1,104.68,Won,2025-08-18
51491,365,3,2026-02-12,543.93,7.69,179.86,Won,2026-02-15
51492,365,4,2025-08-27,324.25,4.03,69.43,Won,2025-09-02
51493,366,5,2025-10-21,483.03,6.41,43.38,Expired,
51494,366,10,2026-05-13,3113.08,36.7,1297.14,Lost,
51495,366,3,2026-04-02,598.71,7.63,144.21,Won,2026-04-05
51496,366,9,2026-04-11,335.86,3.15,85.25,Won,2026-04-13
51497,367,8,2026-01-18,434.66,4.33,57.34,Won,2026-01-25
51498,367,4,2026-08-18,416.08,5.07,87.8,Won,2026-08-23
51499,368,7,2026-05-16,3518.73,35.55,1432.99,Lost,
51500,368,3,2026-04-26,442.82,4.95,125.87,Expired,
51501,368,6,2026-03-18,3055.4,33.05,999.17,Won,2026-03-19
51502,368,3,2026-04-25,455.2,5.71,145.39,Expired,
51503,368,7,2025-11-02,6699.3,64.05,2360.27,Won,2025-11-05
51504,371,6,2025-09-04,2731.76,26.55,1035.36,Lost,
51505,371,3,2026-06-12,426.37,5.38,142.14,Won,2026-06-18
51506,371,8,2026-07-03,489.67,5.2,65.5,Won,2026-07-05
51507,371,5,2025-04-01,254.7,3.17,21.4,Won,2025-04-05
51508,371,4,2025-10-02,482.14,5.59,114.89,Lost,
51509,371,7,2025-08-15,5047.53,49.44,2178.28,Won,2025-08-19
51510,371,3,2025-06-27,552.54,7.62,173.62,Expired,
51511,371,4,2026-07-03,263.11,3.28,47.89,Lost,
51512,372,3,2026-05-15,910.74,10.61,251.4,Lost,
51513,372,10,2026-04-08,5203.17,61.98,1780.42,Lost,
51514,372,8,2025-07-14,1208.29,12.66,158.46,Won,2025-07-17
51515,372,8,2025-04-28,1127.45,12.47,162.55,Expired,
51516,372,3,2025-04-02,1123.24,14.04,322.99,Lost,
51517,372,10,2025-04-01,6391.72,76.79,2660.03,Lost,
51518,373,10,2025-11-25,1869.9,21.97,564.53,Won,2025-11-29
51519,373,3,2025-10-23,515.66,6.96,143.08,Won,2025-10-28
51520,373,3,2025-03-12,531.21,6.62,148.75,Won,2025-03-15
51521,373,10,2026-03-07,1752.01,18.18,538.28,Lost,
51522,373,4,2025-10-13,354.46,4.01,66.42,Won,2025-10-20
51523,373,10,2025-10-29,2062.69,24.64,648.36,Won,2025-10-30
51524,374,7,2025-07-18,9299.36,83.36,3852.91,Won,2025-07-23
51525,374,4,2025-10-22,586.89,7.83,126.42,Won,2025-10-26
51526,374,5,2025-12-14,474.24,6.12,41.7,Won,2025-12-17
51527,374,3,2026-08-04,740.49,8.19,260.35,Won,2026-08-06
51528,374,3,2026-08-19,686.08,7.63,196.8,Lost,
51529,374,4,2026-08-25,567.86,6.29,122.56,Won,2026-08-30
51530,374,6,2026-05-01,3723.62,38.86,1333.95,Lost,
51531,375,9,2026-05-10,236.15,2.04,69.46,Won,2026-05-17
51532,375,6,2026-01-21,3255.01,33.9,1249.73,Won,2026-01-24
51533,375,10,2026-05-28,2451.55,30.44,854.15,Lost,
51534,376,8,2026-06-03,518.54,5.61,63.49,Lost,
51535,376,7,2026-05-24,6145.79,65.81,2118.18,Expired,
51536,376,9,2026-08-13,390.07,3.35,91.63,Won,2026-08-18
51537,376,9,2026-07-12,363.16,3.83,88.24,Expired,
51538,376,6,2026-04-14,2772.27,30.46,1082.17,Lost,
51539,376,3,2025-03-06,706.06,8.67,240.05,Lost,
51540,376,10,2026-02-06,3250.58,31.22,954.65,Won,2026-02-12
51541,377,10,2025-10-06,2479.19,29.68,946.39,Lost,
51542,377,3,2025-08-19,791.12,7.98,234.8,Won,2025-08-24
51543,378,6,2025-07-16,5162.97,44.44,1616.03,Won,2025-07-19
51544,378,9,2025-06-26,345.53,3.3,90.66,Lost,
51545,378,7,2025-06-30,12247.6,116.75,4154.13,Won,2025-07-03
51546,378,6,2025-09-21,7139.59,61.77,2462.16,Lost,
51547,378,10,2026-06-20,4948.42,57.75,1700.91,Lost,
51548,378,4,2025-10-26,982.64,11.08,254.13,Lost,
51549,379,8,2025-06-13,374.46,4.47,36.17,Lost,
51550,379,3,2025-03-30,508.83,6.81,122.26,Won,2025-04-05
51551,380,3,2026-07-09,530.97,7.81,178.8,Won,2026-07-13
51552,381,4,2026-06-11,641.63,7.15,165.83,Lost,
51553,381,8,2026-03-27,593.75,7.03,80.44,Lost,
51554,381,3,2026-02-02,782.86,11.65,205.71,Lost,
51555,381,4,2025-02-27,517.02,6.13,105.88,Won,2025-03-04
51556,381,6,2025-08-23,3671.58,40.55,1353.49,Won,2025-08-25
51557,382,4,2026-08-27,471.05,4.87,102.39,Won,2026-09-02
51558,382,7,2025-10-07,10836.35,97.25,5128.19,Expired,
51559,382,4,2025-09-26,707.62,7.87,140.4,Lost,
51560,382,8,2026-08-18,672.39,8.11,86.36,Won,2026-08-19
51561,382,9,2025-02-27,389.72,3.97,104.33,Won,2025-03-06
51562,382,5,2025-12-23,575.32,7.8,44.72,Won,2025-12-30
51563,382,4,2025-09-02,498.82,5.61,118.39,Won,2025-09-05
51564,382,6,2025-06-27,4057.82,46.02,1350.26,Lost,
51565,383,10,2025-04-29,2186.65,24.91,757.58,Expired,
51566,383,5,2025-02-06,295.91,3.39,33.43,Won,2025-02-08
51567,383,9,2025-05-20,278.25,2.64,82.62,Expired,
51568,383,4,2025-10-09,278.26,3.55,70.96,Won,2025-10-12
51569,383,6,2026-05-02,2730.42,31.9,1056.46,Lost,
51570,383,10,2025-04-12,1641.58,14.56,572.63,Expired,
51571,384,3,2025-09-10,566.71,8.21,132.85,Won,2025-09-16
51572,384,9,2026-07-08,385.95,3.53,116.83,Won,2026-07-13
51573,385,4,2025-10-30,405.79,4.74,93.75,Won,2025-11-02
51574,385,8,2025-03-26,805.54,8.06,90.87,Lost,
51575,385,5,2025-12-24,470.63,5.38,44.74,Won,2025-12-29
51576,385,3,2025-05-22,928.92,12.68,274.14,Won,2025-05-29
51577,386,8,2026-05-30,361.85,4.21,48.79,Won,2026-06-04
51578,386,6,2026-08-29,3409.4,28.36,1230.32,Lost,
51579,387,7,2025-10-03,7061.75,64.71,2776.91,Lost,
51580,387,3,2025-01-08,681.44,7.87,189.68,Expired,
51581,387,10,2025-02-11,2398.77,27.95,723.5,Lost,
51582,387,10,2026-07-23,2447.43,29.32,758.87,Won,2026-07-27
51583,387,9,2026-05-03,341.32,3.53,91.41,Expired,
51584,387,10,2026-05-14,2940.62,33.77,934.9,Lost,
51585,387,6,2025-06-25,4135.02,41.54,1310.77,Lost,
51586,388,3,2025-09-26,530.47,6.71,133.92,Lost,
51587,388,3,2025-04-05,487.93,6.95,130.51,Won,2025-04-08
51588,388,5,2025-11-24,243.42,3.17,21.26,Won,2025-11-28
51589,388,7,2025-09-18,6678.78,63.55,2318.21,Won,2025-09-25
51590,388,5,2025-09-20,349.71,4.61,35.18,Won,2025-09-21
51591,389,5,2025-10-09,286.02,4.09,23.41,Won,2025-10-15
51592,389,4,2025-08-04,466.16,5.36,121.21,Won,2025-08-05
51593,389,8,2026-04-03,489.25,4.96,68.07,Won,2026-04-04
51594,389,10,2026-08-25,1841.53,19.73,543.8,Lost,
51595,389,8,2025-04-07,572.56,6.26,72.73,Won,2025-04-08
51596,390,4,2025-10-23,537.09,5.76,136.83,Expired,
51597,390,7,2025-09-06,5506.32,50.05,1888.02,Won,2025-09-09
51598,390,3,2025-04-29,602.57,7.79,207.56,Won,2025-05-04
51599,391,7,2025-04-06,8192.61,81.04,2937.77,Lost,
51600,391,6,2025-04-09,3417.13,35.33,1225.78,Lost,
51601,391,3,2025-06-05,803.15,10.78,184.21,Won,2025-06-10
51602,391,8,2025-12-09,706.11,8.28,87.65,Won,2025-12-11
51603,391,10,2026-07-13,2407.79,26.65,738.78,Lost,
51604,392,6,2025-04-06,3835.95,34.87,1205.19,Won,2025-04-09
51605,393,6,2025-06-04,2899.78,28.02,899.25,Lost,
51606,393,5,2025-11-23,327.88,4.02,26.5,Expired,
51607,393,6,2026-07-08,4703.38,48.28,1730.7,Won,2026-07-09
51608,393,4,2025-08-30,445.54,5.09,105.64,Won,2025-09-02
51609,393,6,2026-04-09,6253.81,63.78,1965.33,Won,2026-04-10
51610,393,3,2025-02-19,875.83,10.83,256.27,Won,2025-02-26
51611,394,4,2025-09-11,480.7,6.42,132.44,Won,2025-09-14
51612,394,3,2025-10-11,513.65,6.87,144.83,Won,2025-10-16
51613,394,10,2025-02-04,2913.78,34.12,915.87,Expired,
51614,394,7,2025-09-05,8347.74,77.19,3183.56,Won,2025-09-09
51615,394,10,2026-08-27,3429.97,40.9,1135.38,Won,2026-08-28
51616,394,6,2026-08-12,4231.86,44.15,1468.42,Won,2026-08-15
51617,394,5,2025-12-25,351.81,3.25,35.15,Lost,
51618,394,6,2026-06-12,4450.02,47.89,1553.56,Lost,
51619,395,4,2025-10-12,323.87,3.64,70.18,Won,2025-10-15
51620,395,4,2025-07-28,387.3,4.88,93.24,Won,2025-08-03
51621,395,10,2025-05-12,1946.09,23.2,620.47,Won,2025-05-17
51622,395,8,2026-05-05,255.94,2.97,35.38,Won,2026-05-09
51623,395,8,2026-08-25,362.86,3.81,48.55,Won,2026-08-29
51624,396,7,2025-04-21,6997.22,60.63,2997.78,Won,2025-04-28
51625,396,7,2026-06-28,6219.23,53.69,2249.33,Expired,
51626,396,3,2025-10-07,410.26,5.54,105.56,Won,2025-10-11
51627,397,4,2025-10-11,354.59,4.04,87.1,Won,2025-10-13
51628,397,7,2026-08-11,6457.27,61.34,2423.83,Lost,
51629,397,10,2025-07-05,2170.36,22.68,809.99,Won,2025-07-06
51630,397,6,2026-02-13,2845.71,25.74,1188.69,Lost,
51631,397,5,2025-12-24,243.87,2.97,24.73,Won,2025-12-31
51632,397,6,2026-05-12,2398.25,23.42,797.97,Lost,
51633,397,9,2025-07-22,250.91,2.43,53.83,Lost,
51634,398,3,2026-07-24,842.63,10.44,231.07,Won,2026-07-29
51635,398,4,2025-09-15,378.51,4.85,73.15,Won,2025-09-20
51636,398,8,2026-06-20,570.47,7.21,66.42,Lost,
51637,398,8,2026-08-19,660.45,7.68,81.46,Lost,
51638,398,4,2025-10-27,476.71,5.06,98.48,Won,2025-10-31
51639,398,6,2026-04-18,4082.41,42.54,1226.43,Won,2026-04-23
51640,399,9,2025-07-16,233.87,2.28,69.43,Won,2025-07-17
51641,399,8,2025-11-07,413.23,4.16,49.24,Won,2025-11-09
51642,399,3,2026-04-10,518.63,6.73,125.63,Won,2026-04-16
51643,399,6,2025-05-27,2189.74,24.37,816.18,Won,2025-05-28
51644,399,6,2025-10-29,3008.21,32.9,944.59,Won,2025-11-05
51645,401,7,2025-02-16,5668.7,53.15,2377.59,Expired,
51646,401,6,2025-06-25,3457.65,31.23,1210.71,Won,2025-06-27
51647,401,10,2026-07-12,1677.56,16.92,616.19,Lost,
51648,402,5,2025-01-15,445.9,5.36,41.53,Lost,
51649,402,10,2025-09-08,2651.98,31.49,772.5,Lost,
51650,402,6,2026-08-21,5054.7,51.52,1893.51,Lost,
51651,402,4,2025-10-16,392.34,5.0,85.43,Won,2025-10-22
51652,402,6,2025-06-30,3418.1,39.36,1399.98,Won,2025-07-04
51653,403,10,2025-04-13,2543.74,26.28,823.17,Won,2025-04-15
51654,403,10,2025-09-20,2870.87,28.93,1092.65,Won,2025-09-24
51655,403,9,2026-07-13,429.49,4.54,105.79,Expired,
51656,404,6,2025-10-06,2432.49,25.17,877.81,Lost,
51657,404,10,2025-05-13,2311.63,24.57,822.32,Lost,
51658,404,4,2025-09-20,332.47,4.11,79.43,Won,2025-09-21
51659,405,10,2026-06-01,1635.47,16.2,559.83,Won,2026-06-06
51660,406,4,2025-09-23,300.99,2.96,77.79,Lost,
51661,406,7,2026-03-03,4824.65,44.27,1655.86,Won,2026-03-09
51662,406,3,2025-10-02,499.31,6.42,145.52,Won,2025-10-08
51663,406,3,2025-05-27,761.85,11.71,204.55,Lost,
51664,406,10,2025-09-23,1995.03,22.08,628.57,Expired,
51665,406,3,2026-03-17,606.24,7.68,159.4,Lost,
51666,407,6,2026-04-04,2094.62,20.24,633.64,Won,2026-04-06
51667,407,6,2026-05-18,2634.05,28.0,1044.95,Lost,
51668,407,3,2025-02-01,512.77,6.53,138.44,Lost,
51669,407,9,2025-08-05,264.84,2.23,73.7,Won,2025-08-10
51670,407,4,2026-08-23,575.76,6.75,138.95,Won,2026-08-26
51671,407,4,2026-08-19,325.37,3.21,60.36,Lost,
51672,408,10,2026-08-19,2361.68,27.6,867.03,Won,2026-08-26
51673,408,8,2025-08-06,434.43,4.69,58.29,Expired,
51674,408,7,2026-08-10,6388.21,55.81,2369.96,Lost,
51675,410,4,2025-09-10,686.38,7.97,156.5,Won,2025-09-13
51676,410,8,2025-05-05,1100.22,12.25,133.9,Won,2025-05-07
51677,410,7,2026-06-24,8725.22,83.16,3338.63,Won,2026-06-30
51678,410,4,2025-09-19,771.16,10.46,187.88,Won,2025-09-20
51679,410,3,2026-04-25,1078.27,13.4,311.21,Lost,
51680,410,8,2025-01-13,865.14,8.2,103.65,Won,2025-01-14
51681,410,5,2025-09-16,382.21,4.33,37.0,Won,2025-09-17
51682,410,4,2025-09-17,547.14,6.31,113.05,Won,2025-09-21
51683,410,5,2025-11-12,475.07,5.25,48.06,Lost,
51684,410,5,2025-10-04,600.76,8.18,44.42,Won,2025-10-08
51685,411,6,2026-05-09,4212.34,44.09,1642.35,Lost,
51686,411,8,2026-01-06,1037.22,12.52,148.63,Lost,
51687,411,3,2026-06-26,1466.45,23.13,397.21,Lost,
51688,411,7,2025-09-26,9781.66,88.44,3322.29,Lost,
51689,411,6,2025-06-29,7684.62,73.12,2866.12,Won,2025-07-01
51690,411,3,2026-05-23,1004.36,13.71,269.42,Lost,
51691,411,3,2026-05-15,1812.46,21.95,547.02,Lost,
51692,411,10,2025-04-23,4187.88,53.05,1318.92,Lost,
51693,412,10,2025-10-06,3729.63,39.87,1232.37,Expired,
51694,412,3,2025-03-31,798.04,10.2,239.0,Won,2025-04-01
51695,412,10,2025-08-26,1882.24,20.53,566.99,Expired,
51696,412,8,2026-05-25,621.89,8.44,90.11,Won,2026-05-26
51697,412,10,2026-08-17,2818.68,31.63,951.34,Won,2026-08-22
51698,413,7,2026-07-20,7023.06,63.65,2481.36,Won,2026-07-24
51699,413,10,2025-07-14,3416.61,34.63,1087.46,Won,2025-07-17
51700,413,8,2025-10-02,672.15,8.4,87.66,Lost,
51701,413,3,2026-03-21,733.87,9.8,193.72,Lost,
51702,413,10,2026-04-20,2594.85,25.44,915.0,Expired,
51703,414,10,2025-11-08,1630.27,17.89,604.69,Lost,
51704,414,8,2025-03-09,458.51,4.93,52.45,Won,2025-03-11
51705,414,3,2025-05-17,568.44,7.98,147.07,Won,2025-05-24
51706,415,8,2025-11-16,527.11,6.18,67.57,Won,2025-11-21
51707,415,9,2026-06-08,238.71,2.51,52.74,Won,2026-06-14
51708,415,7,2026-05-28,4620.42,50.23,1476.67,Lost,
51709,415,8,2025-09-01,577.17,5.99,79.75,Lost,
51710,415,6,2026-02-20,3989.66,39.43,1201.58,Lost,
51711,415,9,2025-08-26,230.43,2.27,54.67,Won,2025-08-29
51712,416,3,2025-03-29,655.57,9.45,175.36,Won,2025-04-04
51713,416,10,2025-04-28,2421.35,25.19,742.19,Lost,
51714,416,5,2025-11-02,405.66,5.65,41.55,Won,2025-11-04
51715,416,4,2026-07-02,477.89,5.31,104.88,Won,2026-07-08
51716,417,6,2025-04-06,2473.34,26.81,972.35,Expired,
51717,417,4,2025-09-26,399.49,4.93,99.28,Won,2025-09-30
51718,419,4,2025-10-12,601.14,6.9,116.31,Lost,
51719,419,7,2026-06-25,7425.53,75.27,2745.63,Lost,
51720,419,8,2025-07-10,896.41,11.0,125.4,Won,2025-07-12
51721,420,6,2025-04-14,3080.59,33.56,856.2,Expired,
51722,420,10,2025-04-24,2646.92,26.59,951.77,Won,2025-04-28
51723,420,10,2026-06-03,2333.02,26.04,806.25,Lost,
51724,420,4,2026-05-05,424.45,4.93,106.11,Won,2026-05-09
51725,420,6,2025-04-16,3346.96,33.42,1370.22,Lost,
51726,420,10,2025-09-12,2953.97,28.44,967.74,Won,2025-09-15
51727,420,4,2025-09-09,326.24,3.71,72.79,Won,2025-09-15
